LAW-LIE,41373,41447,0.4027739714884376,-2.8172866846824127
IVY-DUI,37349,37418,0.1817493725769714,-0.06305121539812371
DUB-ADO,16246,16297,-0.2036225781214176,1.851077678230984
LID-BOX,42862,42916,-0.26993575389236246,2.0150559966024932
HOW-ELF,35027,35091,0.16070835800845149,-1.9222264547945493
YES-NIL,78869,78938,-0.2620590876452769,0.8621579534259811
SIP-HEX,64189,64236,0.6496811625124119,0.6853808265499529
NAN-LAX,48054,48131,0.46243437081554317,2.548122250354603
RUM-SHY,61321,61381,-1.3539363299351748,2.0931130914551614
JAR-WHY,38295,38343,-1.172506672101415,-2.1938010556788097
HAM-NAN,32764,32813,0.249616007097555,-0.9869714886836691
BUG-COY,10129,10201,1.1476475121647032,1.0523564192488466
ETA-LUG,21548,21625,-1.1915273616796807,2.5510011605498506
LID-MOM,42970,43039,-1.1483019471646654,0.3657302219143104
ERA-PLY,21241,21325,0.3175439176642849,0.8286370328088138
ELF-WET,18917,18989,-0.9991414357740466,-2.6294213527026833
SOY-TAU,65826,65907,0.10286984920478381,-3.093265771871303
HOW-WAR,34805,34845,-0.8175144135703375,-1.5338395085018943
RUG-PIG,60769,60847,-1.2379980216011266,-1.9093116649011543
REF-PLY,59745,59824,-0.721240395457675,-2.918526101178176
FIG-GOO,23671,23721,0.16831075692947434,-2.070855429779165
DAY-ZIG,15006,15052,0.28915413359911,0.8528369961078638
TAX-GIN,69640,69717,-0.8872014314323462,-3.024572886914907
WAR-GAL,73129,73178,1.452740252667136,0.2677263750970214
CUP-DAY,13538,13606,-0.9935015364346634,-0.2767887795101046
TUB-SKY,71190,71243,-0.6527572092478657,-3.1146998497931855
FRO-GUN,26545,26592,-1.4306078500576345,2.1769985167517847
BIO-NOM,8244,8290,-0.7225071149791265,-2.406888578342597
YES-MAC,78412,78463,-0.5159975466667889,-2.5125145515289935
OLD-EVE,53320,53381,0.01587435706408157,-1.1084763334924053
AGE-SIR,2441,2507,1.4336197477335368,-1.3740113586160372
RIB-IRE,60146,60204,0.2995260630942174,-1.5955655304725593
GYM-LID,32685,32763,1.0355201357899415,-1.1828219317817474
WAX-SIP,74045,74126,-1.0729553206275653,-1.874784748183706
BIO-JOY,8136,8189,0.602452171836498,-2.6413771656956824
DUI-TAG,17215,17277,1.2109443936269488,-2.7237066164816404
MAC-YES,45008,45059,0.5159975466667889,0.6290781020607996
YAY-BAM,78118,78204,0.7289096031587856,-0.5626298104384564
EGO-LID,18700,18752,0.6981210019428297,-1.8851806384583667
BAR-FLU,7172,7219,0.992543621441672,-0.09263744457150673
NOR-WIG,50516,50562,1.1717446840245385,2.5051658238778147
FIX-YES,24617,24687,-0.5397409802280232,0.7500864460386943
DUB-TOY,16343,16391,-1.015392550075597,2.72424699691838
CUP-SIR,13794,13868,0.7445419514022193,-2.616577119689617
TAX-AGO,70126,70184,0.6361156352061202,-0.6451472412077057
MIX-WAX,46104,46170,1.0455242523701394,-1.7074589330914085
JUG-RIB,39187,39248,-0.331724090930865,-3.0065849528691713
FIG-ART,23819,23882,0.3560664287423265,0.45993740776283926
AHI-ERA,3224,3271,0.4118836227064574,2.1848614303208884
GUN-TAG,31124,31207,0.0635552073696871,-2.9659614204519515
IRE-YES,36456,36521,0.938290587258082,-0.6493092950412525
WET-BRO,74384,74430,0.09515349386248946,-1.4790952879372545
FAX-COW,23321,23370,1.3366992285490793,-1.7213535214355264
ELK-KIT,19912,19960,-0.778076132440455,1.3288786103207433
DUB-WET,16438,16486,0.06631773844063721,-2.698555833098903
COY-KIT,13286,13334,0.8540633379024658,2.447864585595503
RUG-WOW,60645,60722,0.42056497700866524,1.9206106568635974
ASH-HAM,5875,5939,0.1577201382604621,0.12443343697531636
TAG-FOX,67710,67762,-0.6767299718672829,-2.6526039017636194
JAR-PAY,38044,38090,-0.5539261378450896,-1.1470684868049734
LAB-LAM,40638,40680,0.06891242210015536,0.5396329766512317
CUP-PAW,14014,14062,-0.8705256609562898,0.7652915716340453
KEY-WIG,40050,40108,1.1476285775626418,0.8567398277074169
MAD-BED,45314,45362,1.0477137666803278,-0.25638522630898075
SAD-HIP,61839,61896,0.5481429590306842,-2.4787506064927434
GUN-JOY,30559,30603,-0.6084329789706633,1.9201420523879325
TAU-ACT,69298,69361,0.4359690068410818,0.9404244960426869
FLU-BAR,24843,24889,-0.992543621441672,3.0489552090182865
USE-TAT,71759,71824,0.8108835542722451,-0.35749987089284924
POP-YES,58102,58149,0.07455439646929836,1.4405639387027809
PLY-SOY,57490,57572,-0.4389196606601688,3.0763430802095657
COP-USE,11686,11730,0.3759539289341278,1.5779742046655512
FAX-ZOO,23071,23116,0.5090535360682921,-3.0854543704617976
FLY-TAX,25253,25301,0.7010130138970375,2.827781683638857
SIP-GUT,64237,64305,-0.15023049824369755,0.9623126835549206
KIT-CHI,40403,40456,-0.1547150033624247,0.4158813023742416
MIX-ALA,46171,46232,-1.4512021638581223,-0.44654822195624666
RUG-GOO,60848,60919,-0.9346528310906727,1.6539820305603783
ZOO-EAR,80187,80240,1.0123981338106354,2.7596968425796153
EAR-GEL,17464,17518,0.7068074527507178,-2.8635350751497683
JOY-BIO,38824,38877,-0.602452171836498,0.5002154878941109
RIB-ERA,59987,60033,0.9626142971761469,-0.7572034228997667
FOR-OAK,25724,25773,0.4724080287530928,-2.4265427775033626
DAD-MOO,14798,14851,-1.2941886660298123,-0.9247498730963071
RAW-FRO,58851,58900,0.382253410936113,-1.352437151856454
YES-AHI,78313,78363,-1.0402875304922048,1.106509364693701
LAM-TAU,40944,40994,0.11910234140407228,-1.572188066856045
PIG-GOO,56969,57052,0.30532209414041966,1.4895642791326213
PIE-FEW,55969,56010,-0.8870562580438475,1.6906724475975063
PRO-GOO,58399,58448,0.9089580411238468,1.538093560527546
COP-ELK,11927,11993,-0.20310668104464244,0.9731039329221975
DOG-CHI,15710,15754,-1.041340755200658,-2.721663867467899
BED-COY,7430,7502,-0.35808765255329567,-2.694377745114751
YES-EON,78364,78411,-0.3879879101288151,-0.3586457544801129
ROB-AMP,60247,60303,1.0243422627025534,-1.2842237123834865
LAW-FOG,41282,41328,-0.6850862561596224,1.4712981969835799
TAG-SKY,67421,67470,-1.2579067589800241,-1.7971218233948392
GUT-SIP,31642,31710,0.15023049824369755,-2.1792799700348726
TAR-WHY,67937,67987,0.35376942864535865,-1.2040984743492977
EGG-FOR,18351,18407,1.3737176415858074,2.3168148564246662
EYE-IVY,22668,22718,1.4816048915653628,2.373089465632647
LAB-ZAP,40830,40876,0.6610766154694239,-2.151416277602786
LIE-GIG,43776,43860,0.025428025276338244,-0.4944881914419779
LAW-RIB,41231,41281,-0.6877250619873931,0.39940180546228204
ASK-TUB,6150,6194,-1.4576909918138807,-2.082509010749383
HUG-BOX,35268,35318,0.09899457690177474,0.4559555223861553
IRE-RIB,36763,36821,-0.2995260630942174,1.546027123117234
ADO-ELF,1936,2014,1.055392284523163,-1.27684553443152
DIG-GUN,15320,15366,1.3961654783771984,0.6829855545633391
CUP-AGE,13869,13935,-0.5704752589105306,-2.828340748880545
NOM-DIG,49800,49845,0.6289389279687202,-1.7185531565456553
ELF-ARM,18868,18916,-0.7674910494610044,-1.6085522642857333
RUM-SIP,61721,61790,0.851581095274514,3.002190728602841
BOA-NAY,8606,8661,-0.8099418423667336,2.6663257745883753
SEX-YAY,63427,63509,0.8804611338180689,0.24266453776236205
WHY-KEG,75380,75428,-1.3349113071256058,1.5247942095696692
FAX-EVE,23117,23160,-0.6777467233194012,1.1345208193166172
ODD-LUG,52010,52059,1.5356112900120362,-0.02137621827493325
BED-SAY,7552,7618,-0.1726280641874547,0.3607281608131575
COY-MAD,13335,13386,-0.5129359567064906,0.8634894241070157
GIG-MAC,28790,28840,-0.17908119709242337,-0.9355718269831411
KIT-AGE,40159,40219,0.8383832593681529,-0.1943505299485558
AMP-ROB,4622,4678,-1.0243422627025534,1.8573689412063066
SPY-GUN,66512,66588,-0.07201476470136775,-1.6616553250766417
WET-ACE,74314,74383,0.23982715862602008,-2.2720372681937144
WOW-SAD,76791,76840,-0.8306436992783652,-0.6186905366018954
LAW-IRE,41448,41507,-0.26712377643799995,-0.871156785130426
RIB-FOG,59942,59986,0.012247615583475285,2.514468393217554
MAD-ICE,45363,45410,-0.300837288693295,0.10609808983326043
FUN-REF,26748,26798,0.9778966595890736,-0.8306902533564173
HAM-ZZZ,32862,32922,0.2183761657540841,0.037706879534621866
INK-GUT,36093,36141,1.3418431183711867,2.5812956172599164
USE-COP,71714,71758,-0.3759539289341278,-1.563618448924242
BRO-WET,9375,9421,-0.09515349386248946,1.6624973656525386
ZAP-YAK,79055,79103,-0.08284013444474646,1.7902729353455225
DOG-BED,15658,15709,-1.0687754850543227,-0.9858616234793199
HIP-WOW,33869,33921,0.19334442785625236,1.401900943827928
GOO-KEY,30296,30344,0.8429751399275628,1.8367305838913348
SAW-AMP,62281,62339,0.500506721926396,2.25167357229689
JUG-PLY,39133,39186,0.9598759108398578,0.9063134105235439
VOW-FUN,72993,73045,-0.9125591736958703,-1.0690782206083382
TAR-SAW,68258,68306,1.2081137581128365,-2.396675539229184
ALL-PIG,4573,4621,-0.8125401206812913,-1.4232655526647067
ART-LAX,5486,5556,-0.020577363607969905,-0.24801971615230775
ADO-NAY,1759,1810,-0.592293386026222,1.606805681691502
PIG-HOT,56337,56387,-1.0465620658385502,0.10799442566007372
PAW-VAN,55079,55139,1.4957152073089146,-0.6443945730325953
SOY-RIB,65711,65760,-0.7498595832168895,-1.7314122457535557
RAD-PIE,58552,58598,0.29589977719277993,1.6880105261871825
SEX-CAB,63586,63655,0.8003930213678024,1.541119928950128
AIR-COW,3714,3765,0.8482452894172791,2.6318173337009947
COY-NOR,12830,12898,-0.180770354207776,-2.9903747096085835
YAK-LAB,77516,77560,-0.6450065437142964,-0.4250538074787652
ERA-NIL,21097,21160,0.28818313543156754,-0.26089109677892897
ORC-BOY,54327,54376,-0.6083074001889991,-2.9304893267852994
CAB-OAK,10689,10734,-0.5787273043734159,3.0009633140073513
WAS-PHI,73527,73569,0.9270828143608446,3.10466239924445
TAX-VOW,69906,69987,-1.1183730924021535,-1.570591859427513
AMP-CAB,4842,4886,-0.10143892054404802,1.6988088024559984
JAR-BAM,38227,38294,1.1946720629528507,0.6706385778799666
FAN-FUN,22922,22970,0.2665146462526668,-0.40802369968588426
AHI-EON,3393,3449,0.6356552046899937,-1.0418120819299679
YES-ACE,78725,78792,0.6748201235370681,-1.1608204644000506
EGO-BOX,18654,18699,0.5670659888745511,3.022730824842312
EON-NIL,20527,20589,-0.008659341390646308,1.5140604595657112
PIG-RUG,56511,56589,1.2379980216011266,1.232280988688639
PAW-GYM,54912,54978,0.8077640820239427,-0.5338864738694916
OLD-LAB,53622,53688,0.3130264883092,1.742166498636187
WIN-HAY,76110,76162,0.1363164838757122,2.357412293030044
IVY-LUG,37173,37246,-0.1576468020275641,2.9085133143896145
SAY-DAY,62750,62793,0.9970883052349364,-1.67524283443337
NOM-JOY,49899,49947,1.3869514312997155,2.8144028100260328
REF-OIL,59825,59890,0.9714263562583652,1.4219469126077586
GYM-VAN,32082,32134,0.5927424351117371,2.6231783340449115
PLY-VOW,57707,57790,0.6221253168491018,1.3144171008170253
ZZZ-WIZ,80355,80407,0.9720274387578063,0.8057132453752751
SOY-ACT,65761,65825,0.544643479927622,2.267466089718552
HAM-LAX,32814,32861,0.9962227584313169,-3.0691246989053256
AGE-CUP,2508,2575,0.5704752589105306,0.3132519047092482
AGE-DOG,2276,2323,-0.2115717982050903,0.988752011425765
PIE-HOW,56011,56078,-1.402325738321698,1.1891482591465676
OAR-GYM,51678,51742,0.6777961672534081,-3.0613307748915086
COW-ODD,12098,12152,0.0635227040422989,-1.081874212970406
PAW-DAY,54685,54728,-0.5660379724304047,-1.1399298495146355
GEL-PHI,27644,27697,0.12241599122772913,-0.7218259584452903
ACE-EYE,126,178,-0.03661497810049278,-2.5079271247930954
TUX-IVY,71298,71347,-0.32996050302469865,0.5850103666216517
PLY-JUG,57053,57106,-0.9598759108398578,-2.235279243066249
TAG-ASK,67833,67886,0.6168199846941707,-0.29191419544462033
BOA-SHY,8545,8605,0.9170305712558061,1.209673487010763
EVE-FAX,22191,22234,0.6777467233194012,-2.007071834273176
TRY-TAU,70760,70812,0.5625996452059031,-2.418772900732778
NAN-SOY,47806,47876,-0.7630062002987297,-2.045533925732225
DUB-ELF,16487,16541,1.5252677489890942,1.6555937597222492
EVE-LIE,22415,22471,0.8150293061475996,2.770286017001863
TAX-MOM,69988,70073,1.2772270435863584,-0.8266753039968886
LAX-HAM,41833,41880,-0.9962227584313169,0.07246795468446776
WOW-USE,77063,77132,1.1148142602021145,0.3564812349668312
ALL-EGG,4414,4467,0.3710588564944496,-1.278243187365225
CHI-MAD,10874,10920,-1.316540680713334,-0.4855837843688493
SPY-WHO,66190,66263,0.9230098478940594,-0.9544692460133863
BAM-YAY,6670,6756,-0.7289096031587856,2.578962843151337
EGO-OAR,18753,18819,-1.3528903195878514,0.3478772169370763
WAR-HOW,73179,73219,0.8175144135703375,1.607753145087899
ETA-TUX,21445,21496,-1.2730061672150257,-1.7638359713337717
HAM-ICE,32923,32983,1.0069370281892007,1.7463695654507299
SUN-SKY,66952,66997,1.3070862889349486,-1.8817258418094507
LAX-BED,42332,42398,1.1973326520108305,1.2750026018646843
FLY-ALA,25060,25115,0.9149207740223554,-0.4285682822538344
WAS-KEG,73570,73613,0.48629991020290253,-0.6689431231262114
SHY-INK,63903,63962,0.9899426333068287,1.304719928586452
FOX-IVY,26133,26184,-0.9724579355102716,1.5130766717472333
ERA-YES,20965,21032,0.4827046028877786,-1.3946141329763222
BAM-HAY,6757,6810,-0.5630349213237966,-2.887009324259583
BRO-ARM,9268,9320,0.5527306935181309,0.7134347466456701
YAK-BUG,77461,77515,0.683410058041271,0.35835883605212093
NOR-WOW,51001,51072,0.6881943302367859,-2.609196541305388
WHY-PAY,75579,75625,0.6924663522876606,-0.5505487840923096
EAR-TAR,18068,18144,0.913537488376496,-0.8014463245011134
KEY-SAD,40002,40049,0.4058950104984171,-1.130455963608748
TAR-WAS,68376,68426,-1.3650112856221575,-2.570491330601367
DAY-BED,15189,15253,-0.578629101807306,2.990444783390344
GET-COP,28259,28331,0.15331153311269707,0.7378455045649273
ACE-YES,398,465,-0.6748201235370681,1.9807721891897427
WHO-GUN,75023,75100,-0.9709129255038706,-2.3887776217744205
ORC-OFF,54377,54429,-0.011683210491918996,0.7342215772660845
FOG-TAU,25419,25468,0.9242753812076171,2.754812276240724
USE-WOW,71645,71713,-1.1148142602021145,-2.785111418622962
OAK-GET,51123,51176,0.3318871730357835,1.4910656482947868
KIT-WIG,40506,40565,0.03686137004557595,-2.7904126605137827
LIE-TAU,43694,43775,-0.1850548785449062,1.1447990682116502
TUX-FOX,71547,71596,0.7785515104682965,-0.28698516806597246
REF-ADO,59393,59463,-0.38957694576113694,-1.7036272114037723
OFF-ORC,52509,52561,0.011683210491918996,-2.4073710763237086
MOP-SOY,47173,47224,0.08091316875757099,-2.505868314046904
FLU-CUP,24796,24842,-1.3009979015660522,-0.5903179197865049
AHI-NIL,3127,3173,0.7855061466471751,0.6491215924713557
GET-CAB,28332,28400,0.08752404788362186,-1.0628451326055945
LUG-TAR,44375,44448,0.11840158454003281,2.5948416323072396
BOY-BAH,9016,9066,0.5743640798034494,2.5730752977993645
GUT-WAX,31448,31526,1.331982432241823,-2.8257072923978335
ORC-CIS,54228,54279,0.054345699244128624,2.372755601831848
WET-NIL,74827,74894,-0.6953811889210993,1.9881911150314695
FIX-POP,24039,24091,-0.80177243446843,-0.17390425001016888
TAG-ORC,67203,67249,1.4915129906466682,-1.0973429194838298
KEY-WOW,39852,39901,1.2151701247681566,-2.081532842756775
IVY-ETA,37419,37489,1.172668085362309,-2.9909208546451174
HUG-VAN,35507,35553,-0.707716156853915,1.3941139023729856
ZIG-OAR,79711,79771,0.4268193341873856,-0.34903814199408356
LAX-ACT,42477,42536,-0.8698216980099979,-1.7300774964517176
LEG-NIX,42750,42809,-0.1336979508305163,0.7064971531339641
NIL-EON,49079,49141,0.008659341390646308,-1.6275321940240821
SPY-ELF,66114,66189,-1.3275455605893183,1.1229870377798796
AGE-BED,2157,2226,-0.9763778134711876,0.30267806382066625
HUG-CUP,35371,35434,-1.189354068575855,2.4392366375778525
FEW-GAL,23501,23553,-0.3803351159072125,-1.2031787875977282
GYM-ZIG,32633,32684,-1.2435630636129331,1.4816778640359727
EON-BRO,20463,20526,0.8286924717609285,-0.8537127125481654
LAW-SOY,41569,41642,0.06807675829047685,0.9077905250553675
JAR-LUG,38091,38159,-1.2588569428226497,-0.3055980479692261
DAD-OAK,14745,14797,1.5032564155910486,-2.669269123472005
YAK-ZAP,77561,77608,0.08284013444474646,-1.3513197182442707
ZOO-JAM,80028,80080,-0.15089925840538965,2.2854909401661505
GAS-LUG,27387,27435,0.7521682623677648,2.491715456729661
SAW-PHI,62151,62219,-1.281960686116745,2.78995392264542
DIG-HIT,15412,15463,-1.2331017600371177,2.956433090758464
ONO-SIR,53750,53803,0.7831749209174708,-0.2585453668050031
KIT-ONO,40566,40637,1.4513567269102745,-1.046525377585218
FIG-NOR,23722,23770,1.491697640401388,0.648051088375348
SOY-LAW,65990,66064,-0.06807675829047685,-2.2338021285344256
OIL-FLY,52662,52709,-0.13260718383348344,1.8078050158205192
PHI-SEX,55584,55630,1.081050579397998,2.2391244772804497
JOB-JUG,38610,38669,-0.40629968265124305,2.9060044677670134
NAY-BOA,48383,48437,0.8099418423667336,-0.47526687900141795
HAY-BAM,33383,33436,0.5630349213237966,0.2545833293302103
WOW-KEY,76663,76712,-1.2151701247681566,1.0600598108330181
GYM-DAY,32500,32565,-1.2183674962440953,-2.758803327737418
SOY-TRY,65405,65456,-0.42954452559913353,2.53031345654859
TAT-SIR,68836,68904,0.2569557004653098,0.7608641560811944
PIG-PRO,56836,56884,-0.40662717226404177,1.4522223441554545
GEL-SEX,27485,27534,1.1790710344564053,-0.5133505856217316
MOO-GEL,47013,47063,0.9128333321976568,-1.6023685073561253
OAR-MIX,51612,51677,0.6197730421486577,-0.7274198259036597
TAT-USE,68637,68702,-0.8108835542722451,2.784092782696944
HUG-LID,35640,35717,0.26904629415710046,-0.4073663285930264
BIO-ARM,8190,8243,-1.4419334233604142,3.0935759241710974
SAD-KEY,61956,62003,-0.4058950104984171,2.0111366899810452
COW-WAS,12046,12097,0.29842192399821016,-2.678862010846982
OLD-TAU,53273,53319,0.6511764757174832,0.9946429426678176
JAR-YAY,38160,38226,0.2833279154419484,2.103446103300512
HIT-DIG,34220,34270,1.2331017600371177,-0.18515956283132934
BED-PAW,7814,7879,0.9207451043171107,0.666632003649414
EON-POP,20401,20462,0.2313973665699977,-2.498359154366578
BOX-HUG,8711,8760,-0.09899457690177474,-2.685637131203638
TUB-ASK,71047,71090,1.4576909918138807,1.0590836428404102
EON-TOY,20710,20770,-0.07108891211050049,0.8243313704373014
FIG-YAK,23771,23818,-0.8756533942365221,-1.4577285066127526
MIX-OAR,45911,45976,-0.6197730421486577,2.4141728276861336
TRY-ACT,70856,70900,1.2644423363505735,1.5245853630676203
HAY-YAY,33328,33382,-0.5820065731012467,1.867123888116073
JUG-AHI,39432,39495,0.11251549688468528,-1.6445550634079917
SHY-BOA,63656,63716,-0.9170305712558061,-1.9319191665790303
ZOO-FAX,79928,79973,-0.5090535360682921,0.05613828312799566
ART-BUG,5623,5672,-0.5648445979049784,-1.7045068870744025
COW-FIX,12360,12439,0.0708872396157441,-0.38033817588257
WOW-GOO,77379,77460,-1.3102717754754432,-0.7016819875634296
PIE-RUM,56079,56141,-0.2754740166849316,1.0864913474770448
PLY-FAN,57107,57161,-0.14046278186522948,1.6210247485310194
BED-DAY,8023,8087,0.578629101807306,-0.1511478701994493
BOX-LID,8812,8866,0.26993575389236246,-1.1265366569872999
GIN-TAX,29339,29416,0.8872014314323462,0.11701976667488635
SPY-PIE,66589,66662,-0.24333299216832766,1.1938117459902222
NAN-ZZZ,48003,48053,-0.007956331707663581,1.0025413690980682
PAW-ZIG,54979,55030,-0.26801913570595987,-0.07928747351188643
NOM-BIO,49710,49756,0.7225071149791265,0.7347040752471964
RUG-HIP,60995,61039,0.5346195916060836,2.6686587072856867
GUT-MAY,31360,31405,-0.7466465068401523,-2.2023069479471054
MOO-EGG,46959,47012,0.7945931311710568,0.8465116170214618
JOY-NOM,38878,38926,-1.3869514312997155,-0.32718984356376035
OVA-NIX,54580,54633,0.7174120358281884,-0.12265912134895236
TOY-NIL,70450,70496,0.08609093974877129,2.6113976811746493
BRO-ACE,9321,9374,0.24151681369324862,-3.0792169119892114
BED-DOG,7379,7429,1.0687754850543227,2.1557310301104735
COW-KEG,11994,12045,0.6458842910729127,-1.8150650637203565
HEX-SIP,33540,33587,-0.6496811625124119,-2.4562118270398403
JUG-ERA,39084,39132,0.5681437713011657,-2.381152914664983
WHY-LUG,75529,75578,-0.5683560154721814,0.28002242239854463
AGO-OIL,3012,3066,-1.1159835960418,-1.2855240378701671
COW-EAR,12440,12519,0.14140466537491508,2.778282013711975
WOW-NOR,77308,77378,-0.6881943302367859,0.5323961122844054
NIL-JOB,48847,48891,-0.48288435612114616,0.8805538068357608
DRY-FUN,16192,16245,-0.9460174120693785,-2.4004551596792414
COW-TAR,12590,12657,1.1851972067096963,-2.7246387928326863
WOW-COP,76943,77008,0.8887503521109286,-0.7320180982367972
WHY-SAW,75626,75682,0.7163872098667479,2.4005523083268714
FEW-PIE,23413,23454,0.8870562580438475,-1.4509202059922868
LIE-FAX,43430,43485,-0.25489995774670143,-1.131618293777616
ALL-RUG,4527,4572,1.2537342491117662,-0.39492262068347017
ZAP-HOT,79104,79151,-0.6116732672572304,-1.9555302497404392
ASK-GUN,6098,6149,-0.7094636091725124,0.6674323183174415
HOW-FEW,34846,34888,1.218198650794547,2.0862454610440326
BOA-HOW,8662,8710,1.3505813229279742,-1.4839576159588832
MIX-GUT,45820,45863,-0.6444987338091624,-1.090054544356508
YES-GIG,78793,78868,-0.24390133147602477,2.9446922193893976
GIG-LAW,29034,29093,-0.4729820748056215,1.687910015573989
AIR-ODD,3815,3859,0.9949740861223284,-1.8307941616579302
COY-LAX,12761,12829,-0.861615932380421,-0.0518347017271721
ADO-JOB,1349,1399,-1.1032976953404303,2.5744572576631004
TRY-DUH,70710,70759,0.4281418590421712,0.5488665725350194
LID-GYM,43040,43118,-1.0355201357899415,1.958770721808046
BRO-EON,9422,9484,-0.8286924717609285,2.287879941041628
FIX-LUG,24548,24616,0.9813473614433333,-2.641821025627495
FOR-HIP,25983,26039,-0.2977146293219817,1.994151332635157
FLY-DRY,25116,25176,-0.9428030147745878,-1.3651497573101006
GET-OAK,27808,27861,-0.3318871730357835,-1.6505270052950063
ZOO-LIE,80134,80186,-0.13295982667738881,1.2861020070562554
FIG-BUG,23883,23937,-0.16947803285419896,-0.44013150433685083
NOM-ACE,50073,50154,-0.7235858319231745,-3.0312309315666535
FAX-LIE,23161,23216,0.25489995774670143,2.009974359812177
LIE-PIG,43861,43944,0.37333660767188587,2.7316381978226922
POP-EYE,58200,58249,0.9444526364360534,-1.8476882282357905
DAD-CAB,14531,14610,1.2347102151550828,-0.22377906513659857
RUG-EGG,60550,60599,-0.6817881484009503,-1.6097759931980795
LAX-BUG,42126,42210,-0.363989101527821,-2.7148147662603224
RUM-GUT,61580,61649,0.6370715035299869,1.7435478323959406
PAW-BED,54786,54851,-0.9207451043171107,-2.474960649940379
KEG-ODD,39659,39705,-0.6986222211348858,-0.10393402663107053
ACE-BRO,72,125,-0.24151681369324862,0.06237574160058195
FEW-SHY,23554,23616,-0.9069165475623076,1.020541240449
FLY-WIZ,25356,25418,-0.6676100919729031,2.769046924469175
CIS-BOY,11410,11456,-0.625787808788567,-1.6756707045659882
REF-HOW,59322,59392,0.6430695164421523,-1.1193114195156726
PAW-CUP,55031,55078,0.8705256609562898,-2.3763010819557477
ADO-HOW,1866,1935,1.092906256004815,0.37216985183683127
ZIG-PAW,79772,79823,0.26801913570595987,3.0623051800779066
ELF-WAR,19191,19240,-0.899640492426371,0.8675023926834594
ELK-WIG,19562,19619,-0.6918024322479077,2.669369275247971
HEX-MAY,33588,33644,-1.3805374866821074,-3.1340690548970427
USE-ELK,71597,71644,-0.6860879528075458,0.23685475736556333
SPY-NIX,66372,66457,0.7522796178991494,0.662008440126858
GYM-PAW,32283,32349,-0.8077640820239427,2.6077061797203016
BAR-ONO,7268,7328,-0.004565368035909589,-2.562177334538342
TAX-OIL,70318,70398,-0.3299922425998821,-0.8875509098559788
TAT-ELK,68572,68636,-1.2504629249967663,1.8886830828285994
TAR-YAY,68183,68257,1.2716449758454946,1.610699975864201
PLY-MOP,57573,57626,-0.6800761674736572,2.3240113757188854
MOM-MIX,46466,46512,-0.1540456853133756,0.008328895391873082
ACE-HIT,712,764,0.4776326737740704,-0.6943624168803743
HUG-FLU,35319,35370,-0.33700397748322203,2.4785274936305695
PLY-ADO,57791,57871,0.32375773385377804,-0.8336556818121509
TUB-TAG,71091,71142,0.6079236909654878,2.691485205623992
EAR-PIG,17519,17592,-0.4141162043103295,1.8749445294665192
FOR-DAD,25928,25982,-0.8971873453358528,-2.3968691673856886
INK-RUM,36142,36195,0.31829767453006386,-1.6057985634508303
OVA-RAD,54473,54527,-1.074350243124144,-0.908010649526783
IVY-FOX,37298,37348,0.9724579355102716,-1.62851598184256
LAX-GIN,41980,42056,0.34613041764274244,0.2624980590405112
BOY-TAG,9119,9169,-0.722303299569429,0.33381350238056057
NAN-HAM,47485,47534,-0.249616007097555,2.154621164906124
GIG-COW,28841,28910,0.7234620318551758,-2.600890583099845
LAX-ASH,41929,41979,-1.1094078869635757,-2.9606376930785676
ACT-TAU,1096,1160,-0.4359690068410818,-2.2011681575471065
BUG-ZAP,9895,9968,-0.4170731411434217,-2.007685793495016
EYE-FIX,22616,22667,-0.16312902993711212,2.1894623305996816
OIL-SHY,52928,52989,-0.4344433936082036,-0.9180951408525131
FOX-TAG,26285,26337,0.6767299718672829,0.48898875182617385
KEG-WAS,39756,39799,-0.48629991020290253,2.4726495304635816
LEG-RAW,42694,42749,-0.5652173665900685,-2.064342910678167
LUG-KEG,44863,44915,-0.7604531826753095,3.0427092626688834
DUB-WAR,16392,16437,0.647885790155762,0.930059442760155
OAR-ZIG,51551,51611,-0.4268193341873856,2.7925545115957098
LUG-GAS,44642,44691,-0.7521682623677648,-0.6498771968601326
GAS-TUX,27436,27484,1.3049344207296356,-1.855289702130255
DAD-SEX,14454,14530,0.4867635915150842,-1.1196898502969643
LID-WAX,43119,43201,-0.17136098209318837,-0.3968717678324038
HEX-GUT,33498,33539,-0.9205303172994878,1.3244762460893242
BAM-JAR,6547,6613,-1.1946720629528507,-2.4709540757098267
TAU-LIE,69362,69443,0.1850548785449062,-1.9967935853781429
MAC-GIG,45168,45218,0.17908119709242337,2.206020826606652
ONO-BAR,54059,54119,0.004565368035909589,0.5794153190514509
ZAP-PRO,79010,79054,0.02761774949138502,3.0326909002121045
NOM-ARM,49757,49799,-0.8962412816622511,0.9463187278714703
GAS-EYE,27242,27286,-0.5307325254355607,0.11319712226764987
ERA-SOY,21033,21096,-0.1055510451228685,1.826423439625674
HOW-REF,34734,34804,-0.6430695164421523,2.0222812340741205
CHI-AGE,11023,11071,1.1107009503314376,-1.6025182894413295
WAS-TAR,73667,73717,1.3650112856221575,0.5711013229884265
JOB-NIL,38565,38609,0.48288435612114616,-2.2610388467540323
PAY-WHY,55336,55382,-0.6924663522876606,2.5910438694974838
EGO-MOM,18562,18608,-0.8397643210486518,-1.0209157089089327
BOA-ADO,8446,8494,-0.2516527908637287,-2.461469894979886
GIN-LAX,29262,29338,-0.34613041764274244,-2.879094594549282
BUG-TAU,9764,9840,-0.672288928648285,-1.1822279184177475
ELK-COY,19789,19863,-1.1054773008893612,0.4116687050382139
TAG-OFF,67763,67832,0.9123194155460002,0.633916364236612
ELK-COP,20171,20237,0.20310668104464244,-2.168488720667596
AHI-IRE,3272,3328,-0.15346402330994172,-3.1227546768756587
ARM-ELF,4887,4935,0.7674910494610044,1.53304038930406
CIS-TAG,11342,11409,-0.9786745024819544,-0.7322637427141285
GIN-HAM,29738,29803,-1.076019016188207,-2.7296325662947307
ETA-BAM,21946,22024,0.9034281367086715,2.14629146125251
ETA-BAH,21395,21444,1.4971501180936786,3.125097799318982
DRY-REF,16012,16060,-0.011115497314971618,-1.6549643351187815
ACT-ASH,837,881,-0.019797699279468353,2.025828514637383
ICE-HAM,35768,35829,-1.0069370281892007,-1.3952230881390633
ASH-LAX,5764,5814,1.1094078869635757,0.18095496051122575
FOG-OLD,25660,25723,0.25334314502444993,-2.7732135760085255
ASH-LAM,5718,5763,-0.7005445768471056,-1.9669329935805382
WHO-LEG,75101,75152,0.02561290046776746,1.9493113384705911
SOY-NAN,65640,65710,0.7630062002987297,1.0960587278575684
EON-WET,20353,20400,1.0167904456692745,0.4059628623947619
HUG-GYM,35435,35506,-0.9217064866460484,0.3830429515315289
AGO-TAX,2842,2901,-0.6361156352061202,2.4964454123820876
COW-LIE,12206,12281,-0.6362693589811066,1.883875968580588
TAG-DUI,67141,67202,-1.2109443936269488,0.4178860371081528
TAT-COP,68703,68778,-0.9137153096283561,-2.5881305909756587
DUI-IVY,17278,17347,-0.1817493725769714,3.0785414381916696
TUX-LUG,71495,71546,-0.4945702538409372,2.1538341689128666
ETA-BOY,21497,21547,0.8005740320364363,-0.636182252848725
TAR-COW,68427,68494,-1.1851972067096963,0.41695386075710694
LUG-ODD,44523,44572,-1.5356112900120362,3.12021643531486
TAG-BOY,67250,67301,0.722303299569429,-2.8077791512092327
ART-ASH,5368,5427,-0.9544698228196477,-0.5372307606136585
WAX-LID,74127,74209,0.17136098209318837,2.7447208857573893
FOG-LAW,25469,25514,0.6850862561596224,-1.6702944566062135
FAN-PLY,22867,22921,0.14046278186522948,-1.520567905058774
EAR-DAD,17777,17857,0.7061895821353095,2.466040782764693
ETA-FOX,21765,21815,-0.5863137115084961,-0.7626285356193467
OLD-ZAP,53382,53444,0.8511531658084478,2.3768612977372734
MOP-PLY,47431,47484,0.6800761674736572,-0.8175812778709077
ALA-GUT,4205,4255,1.0602925464042452,-1.2873811452031139
AIR-FIX,3961,4013,0.9513473943050865,-0.23712667458715464
PAY-ETA,55285,55335,0.7059114072940458,0.27071880164054307
WIZ-ZZZ,76546,76599,-0.9720274387578063,-2.335879408214518
JAM-LIE,37771,37826,0.010245014419828261,0.26925628283345804
ICE-GIN,35878,35930,0.12732134945403828,-0.5335304035853637
IVY-TAG,37490,37565,1.1481866944239492,-0.40602756037493876
WIN-BAM,76269,76320,0.6400287272813435,1.3980290006491485
CAB-SEX,10804,10873,-0.8003930213678024,-1.600472724639665
WIN-BAH,76065,76109,0.7313527273977921,-0.045127492589236956
SIR-TAT,64945,65013,-0.2569557004653098,-2.3807284975085987
GUN-DIG,30604,30650,-1.3961654783771984,-2.4586070990264544
NOR-GOO,50866,50934,-0.8066573648592107,-2.1098351126798023
SAY-TAX,62616,62683,0.320388343462067,-0.47766637401628825
CAB-ROB,10446,10487,-1.3608740656561369,-1.9539424718242804
BAH-BAM,6491,6546,0.07925312417224227,2.069606043689079
GIN-VOW,29663,29737,-0.388130126616478,-0.6299634142511868
FLY-AGO,25302,25355,1.3155759036116503,-1.4158260647583445
HOT-OLD,34580,34638,-0.4288541861533014,0.15127824267166873
NAY-ADO,48438,48489,0.592293386026222,-1.5347869718982914
DUI-HIT,16909,16953,-1.2433903094126424,-0.0632249056933553
DAY-PAW,14919,14962,0.5660379724304047,2.0016628040751576
CIS-ETA,11273,11341,-1.0501479699931802,-2.6418852827855215
OFF-GUN,52161,52225,-1.0581099754635832,-0.4249808816764339
GUT-ALA,31792,31841,-1.0602925464042452,1.8542115083866793
MAY-INK,45520,45568,-0.6321715566446195,0.5657382780571389
AGE-CHI,2227,2275,-1.1107009503314376,1.5390743641484637
ELF-ADO,19295,19373,-1.055392284523163,1.8647471191582734
YAK-PRO,77708,77761,0.09866329727950962,-2.1559824629891713
PIG-JAM,56590,56640,-0.56025620065711,-1.1490209275438805
WET-TOY,74210,74260,-0.989391545845806,1.1835416122234543
EAR-PHI,18145,18197,0.7560925510494829,-1.6385407713542928
GIN-SAY,29145,29192,0.9391832027662578,1.5621427062656654
LEG-SPY,42588,42641,-1.3970533355765424,-2.6797175576631562
EON-ACE,20590,20651,0.9881777548463497,-1.9534731248112058
OFF-CIS,52427,52508,0.04505136774297342,3.128760934486104
ORC-ASK,54177,54227,-0.6869613293445972,-0.20078217959875966
COP-GET,11854,11926,-0.15331153311269707,-2.403747149024866
DOG-BAR,15863,15910,1.2681006422931478,-2.583086597911372
BAH-WIN,6447,6490,-0.7313527273977921,3.0964651610005562
PAY-WIN,55383,55435,1.4003918928580994,1.6444763272678178
SOY-ERA,65577,65639,0.1055510451228685,-1.3151692139641191
WAR-DUB,73271,73315,-0.647885790155762,-2.2115332108296384
ACT-TRY,929,972,-1.2644423363505735,-1.617007290522173
CUP-FLU,13607,13653,1.3009979015660522,2.551274733803288
PRO-YAK,58449,58502,-0.09866329727950962,0.9856101906006218
BOX-GYM,8761,8811,-1.5056741228321497,-0.457230854455615
MAC-POP,44965,45007,0.5276440356835125,-0.6437971036025257
BIO-SPY,8340,8394,1.178230360896305,2.3349027057037355
ZIG-SAY,79876,79927,-1.152869965366131,-2.998211578533285
RUM-OIL,61382,61466,-0.6159272993542045,2.1930211638991577
EAR-MOO,17412,17463,-0.2497828492741303,2.5671771084038366
LAX-ART,42211,42281,0.020577363607969905,2.8935729374374857
SHY-OIL,63963,64024,0.4344433936082036,2.2234975127372802
DRY-VOW,15960,16011,-0.027409160029596348,2.949301661459407
SEX-SAW,63366,63426,0.5941703715272002,-0.6372452719699775
PAY-JAR,55238,55284,0.5539261378450896,1.9945241667848197
YES-IRE,78464,78529,-0.938290587258082,2.4922833585485407
SPY-NOM,66764,66847,-1.1342048752138312,-1.782352720230438
OIL-REF,53207,53272,-0.9714263562583652,-1.7196457409820347
SAW-TAR,62102,62150,-1.2081137581128365,0.7449171143606089
ARM-BIO,4989,5042,1.4419334233604142,-0.04801672941869593
KEG-LUG,39800,39851,0.7604531826753095,-0.09888339092090986
SIP-RUM,64389,64458,-0.851581095274514,-0.13940192498695253
NEW-USE,48693,48753,0.3351047605457413,0.7642689943156928
DRY-SHY,16061,16131,0.5674112281187276,-0.9321577545290128
SIP-WAX,64306,64388,1.0729553206275653,1.2668079054060872
REF-SHY,59638,59692,0.7721509549910054,-0.004463749280762499
FIX-GAS,24164,24213,0.5829669662795088,-1.7478091310006332
RAW-JOY,59055,59109,-1.4522869626457549,-2.870340777185604
RAW-GUN,58950,59001,-0.8416026839253156,-1.4381463664243053
CAB-YAY,10569,10643,0.16314723066597037,-0.6679130919185758
ELK-NOR,19717,19788,-1.3214440754575132,2.829439296515534
ROB-OAK,60456,60501,0.701256329903176,2.68213864562616
HAM-ASH,32984,33048,-0.1577201382604621,-3.017159216614477
PLY-NIL,57872,57942,-0.12596044476018925,-1.5545488164002343
OAK-FOR,51073,51122,-0.4724080287530928,0.7150498760864306
AIR-MAC,3860,3909,-0.3077893235857355,0.17394833843238752
DUI-GUN,17047,17121,0.9654096744582311,0.03583636017255325
ETA-PAY,21816,21866,-0.7059114072940458,-2.8708738519492503
WOW-ELK,77218,77307,0.5406993994798922,0.29621681204732386
SPY-BIO,66317,66371,-1.178230360896305,-0.8066899478860576
ICE-MAD,35830,35877,0.300837288693295,-3.035494563756533
DUH-TRY,16542,16591,-0.4281418590421712,-2.592726081054774
ACE-EON,566,628,-0.9881777548463497,1.1881195287785873
SKY-TUB,65202,65255,0.6527572092478657,0.02689280379660772
EAR-LIE,17593,17671,-0.785197797843942,0.7067371737013155
BIO-RAD,8291,8339,0.6369324626864094,1.2334187342139356
FUN-FAN,26642,26690,-0.2665146462526668,2.733568953903909
PHI-GEL,55530,55583,-0.12241599122772913,2.419766695144503
FIX-COW,24345,24424,-0.0708872396157441,2.761254477707223
ASH-BUG,5940,5995,0.5098409013827343,-2.575567126903878
AIM-WAX,3597,3649,0.014453689455305481,-1.0768130881294145
GUN-NOM,30972,31046,-1.2177131683404112,1.642515820516021
RUG-GET,61040,61115,1.0961400150293361,-2.958730373623883
ACT-LAX,1289,1348,0.8698216980099979,1.4115151571380755
DAD-RUG,14254,14328,0.13317041129688004,0.9665881446030163
ELK-WOW,20027,20116,-0.5406993994798922,-2.8453758415424693
OLD-HOT,53445,53503,0.4288541861533014,-2.9903144109181246
YES-FIX,78939,79009,0.5397409802280232,-2.391506207551099
GUN-TUB,31208,31261,-0.4773804260119052,-2.419460148019342
HOW-ADO,34957,35026,-1.092906256004815,-2.769422801752962
AGE-COY,2324,2393,-1.3399368949446095,-2.3859860430426
WET-NOM,74755,74826,0.982861926685599,-1.13724357600505
GOO-YAK,30021,30070,-1.0631302584000883,0.26321371911070746
CIS-ORC,11221,11272,-0.054345699244128624,-0.768837051757945
KIT-ART,40281,40353,-1.3882124098027133,-0.589399523412653
BAM-WIN,6971,7022,-0.6400287272813435,-1.7435636529406449
DRY-OIL,15911,15959,1.4890306443576604,-1.080470293084428
EGO-AIM,18609,18653,0.5759303867580423,-0.7223223030281098
CUP-DOG,13436,13486,-0.9179788234515026,2.4746144619084838
JUG-SOY,39368,39431,0.3337678107327674,2.5189409709364536
SAD-GOO,62054,62101,-1.4147289354280577,2.756260201571972
TOY-ADO,70600,70647,0.7643741465044156,1.2277045659554258
TAU-OLD,69059,69105,-0.6511764757174832,-2.1469497109219757
ELF-HOW,19374,19438,-0.16070835800845149,1.2193661987952438
MOM-LID,46710,46779,1.1483019471646654,-2.775862431675483
YAK-GOO,77657,77707,1.0631302584000883,-2.8783789344790858
SIR-HUG,64860,64944,0.28069242176185977,0.1322417034378174
GAS-FIX,27287,27336,-0.5829669662795088,1.3937835225891602
ZAP-LIE,79199,79273,-0.09573540391941072,-1.2772837102380221
MAY-SIP,45664,45708,0.9769091233298846,-2.150839711398587
FLU-VAN,24890,24942,-0.389188093165628,0.25663470960949114
WAX-GUT,73718,73796,-1.331982432241823,0.31588536119195976
GUN-RAW,30651,30701,0.8416026839253156,1.703446287165488
RUG-FOR,60600,60644,0.8551889211820546,-1.9213075963715904
JUG-JOB,39249,39308,0.40629968265124305,-0.23558818582277968
FEW-HOW,23371,23412,-1.218198650794547,-1.0553471925457605
HOW-RUM,35092,35162,1.0027977390642535,1.0526293687358868
HIT-BRO,34131,34174,-0.8001542555246768,1.2293843820415988
EGG-DAD,18461,18511,0.5466275988369579,-2.7600301466753323
GEL-ROB,27698,27756,1.0043077523109938,1.0866530121829199
VOW-REF,72567,72640,0.009973462362093915,-0.9572666440254205
POP-MAC,57943,57985,-0.5276440356835125,2.4977955499872677
ZAP-PIG,79545,79612,0.3319670184832947,-2.3884119438486957
CAB-DAD,10488,10568,-1.2347102151550828,2.917813588453195
FOG-RIB,25559,25603,-0.012247615583475285,-0.6271242603722392
TAR-KEG,68062,68111,-0.8958627684791312,-1.0339646691928863
AGO-ALA,2698,2736,-0.5218291751390859,0.052203868453926966
NAN-DUH,47605,47656,-1.1193462786942368,-3.052039974846804
GEL-DAD,27535,27589,0.35274465985804876,1.7665642983318148
CHI-DOG,11072,11116,1.041340755200658,0.41992878612189427
GIN-DAY,29546,29613,1.5089077463226852,2.076075527050772
ART-COY,5185,5229,1.2532127471614638,-0.7958387725396379
TAG-IVY,67471,67546,-1.1481866944239492,2.7355650932148543
IRE-AHI,36522,36578,0.15346402330994172,0.018837976714134595
ADO-WAR,1811,1865,0.76190731830289,-0.4647189086321782
GYM-OAR,32218,32282,-0.6777961672534081,0.0802618786982844
NAN-PLY,47928,48002,-0.3125905399044699,-0.9185521920687769
SEX-DAD,63196,63272,-0.4867635915150842,2.021902803292829
TRY-LAM,70953,70999,0.5047623794059034,2.5650507028579694
REF-VOW,59464,59537,-0.009973462362093915,2.184326009564373
YAK-FIG,77609,77656,0.8756533942365221,1.6838641469770406
HEX-WAX,33645,33697,1.1502085497748582,2.1961521681078326
OAR-EGO,51743,51809,1.3528903195878514,-2.793715436652717
LAM-LAB,40995,41037,-0.06891242210015536,-2.6019596769385616
KIT-NOR,40220,40280,-0.8565569489165122,-2.3554399599880376
COY-ART,12899,12943,-1.2532127471614638,2.3457538810501553
OIL-DRY,52613,52661,-1.4890306443576604,2.0611223605053652
NAN-FAN,48132,48181,-0.6550777668458415,-0.0008332998591487599
WOW-HIP,76841,76893,-0.19334442785625236,-1.7396917097618654
NAN-VOW,47657,47731,0.4490247465676949,0.25632695109580084
DIG-DUI,15464,15509,-0.19181809468005875,3.0122969700552797
WHY-TAR,75429,75479,-0.35376942864535865,1.9374941792404954
GAL-RAD,27044,27088,0.9450491283593473,-1.8581190888160257
HIP-RUG,33922,33967,-0.5346195916060836,-0.4729339463041064
MAD-ART,45411,45467,-0.5499179765211591,-2.6653541604686457
SPY-OVA,66712,66763,0.5158400267321525,1.309377547829306
ACE-NOM,629,711,0.7235858319231745,0.11036172202313992
NOM-DUI,50299,50363,0.3646893458353185,-2.4823490948592988
PIG-EAR,56388,56462,0.4141162043103295,-1.266648124123274
HUG-SIR,35554,35639,-0.28069242176185977,-3.0093509501519757
WAR-ADO,73367,73420,-0.76190731830289,2.676873744957615
NIX-SPY,49351,49436,-0.7522796178991494,-2.4795842134629353
MAC-AIR,45060,45109,0.3077893235857355,-2.967644315157406
WOW-WIG,77009,77062,0.13432903165313065,0.9430154460359059
WOW-NEW,76894,76942,1.1340550407964047,-1.7821366604366213
GOO-PIG,30393,30476,-0.30532209414041966,-1.652028374457172
ZZZ-VOW,80302,80354,0.6221428811671782,-0.6393503186981986
GYM-HUG,32428,32499,0.9217064866460484,-2.7585497020582643
GUT-INK,31311,31359,-1.3418431183711867,-0.5602970363298769
NOR-FIG,50563,50611,-1.491697640401388,-2.493541565214445
HIT-SUN,34080,34130,0.1584929843446686,-2.820325813930277
PIG-LIE,56885,56968,-0.37333660767188587,-0.409954455767101
TAR-EAR,68495,68571,-0.913537488376496,2.3401463290886797
EAR-WAS,17723,17776,0.0746190781395516,-1.058995346611601
BED-CUP,7880,7955,1.4603730186942385,0.3550318901564306
GIG-FAX,28981,29033,-0.33607614850522294,-2.8591090829437604
INK-OIL,36196,36253,-0.6515572573897686,2.9991171735072046
LUG-FIX,44744,44812,-0.9813473614433333,0.49977162796229824
BRO-NOM,9528,9580,1.333770118814052,0.24955126620092508
DAY-GIN,15122,15188,-1.5089077463226852,-1.0655171265390215
MAC-FIX,44916,44964,1.2906862751427635,-2.0849297678108143
IVY-TUX,36822,36871,0.32996050302469865,-2.5565822869681414
ALA-AGO,4110,4148,0.5218291751390859,-3.089388785135866
LUG-IVY,44449,44522,0.1576468020275641,-0.23307933920017887
ONO-AGE,53804,53859,-0.9225024944226438,0.045654586563376155
COW-LUG,12282,12359,0.910404752415174,-1.0442325373375414
ROB-CAB,60205,60246,1.3608740656561369,1.187650181765513
MAD-CHI,45267,45313,1.316540680713334,2.656008869220944
SAD-RUG,61791,61838,0.15409285296500588,-1.671295556502142
LAW-EVE,41329,41372,-0.3887212474405735,-2.119398901264319
ZIG-GYM,79824,79875,1.2435630636129331,-1.6599147895538207
HIT-DUI,34175,34219,1.2433903094126424,3.0783677478964377
LUG-PAY,44245,44297,1.062029068501862,-1.8290381610245665
BAM-CIS,6890,6970,-0.01663086707917573,-0.4002836258650958
NIL-TOY,48754,48799,-0.08609093974877129,-0.5301949724151438
WHO-RAW,74895,74947,-0.6113915212037639,3.032966603114098
WAX-HEX,73925,73977,-1.1502085497748582,-0.9454404854819605
JOY-GUN,38779,38823,0.6084329789706633,-1.2214506012018609
BED-ICE,7329,7378,-1.2941335751750627,0.7155013997960417
AIM-MIX,3650,3713,-1.158315294786319,-0.1669957254766768
JOB-ADO,38470,38520,1.1032976953404303,-0.5671353959266929
SEX-GEL,63030,63078,-1.1790710344564053,2.6282420679680616
LUG-ETA,44298,44374,1.1915273616796807,-0.5905914930399425
ELF-PIE,19066,19141,1.0179710694268589,1.2287876144892664
FLY-OAR,25177,25252,1.2654981512419665,2.120088883930642
FOG-TRY,25515,25558,0.37139058930108226,1.5166651648231433
FUN-DRY,26852,26905,0.9460174120693785,0.741137493910552
SOY-MOP,65305,65356,-0.08091316875757099,0.6357243395428892
TAR-JAR,68112,68182,1.0660304087877202,-0.7015506963940831
COW-AIR,12153,12205,-0.8482452894172791,-0.5097753198887984
NIX-WHO,49551,49637,0.06995820063701932,-1.8364649782493498
EGG-ALL,18248,18301,-0.3710588564944496,1.8633494662245684
BOY-CIS,9170,9217,0.625787808788567,1.465921949023805
MOP-NAN,47318,47368,1.1564889314135385,2.0477379422890842
SOY-FOG,65521,65576,-0.7181025163891834,-2.7544077543468353
IVY-SKY,36975,37026,0.47187065710259524,-0.8439453148159913
WAX-MIX,73978,74044,-1.0455242523701394,1.4341337204983848
TUB-DUI,71000,71046,-0.9493500527108816,1.967159551988894
YES-POP,78599,78646,-0.07455439646929836,-1.7010287148870125
ASK-ORC,6047,6097,0.6869613293445972,2.9408104739910335
SAD-ALL,61897,61955,-0.8026961322456643,-2.056582267712932
ART-KIT,5295,5367,1.3882124098027133,2.55219313017714
GAS-IVY,27190,27241,0.9476510488657016,0.25451626932761195
AGO-MIX,2737,2791,1.2156008681583352,0.25300161142561534
GOO-BUG,30144,30225,-0.23008274798626452,0.3201790924494571
ASH-ACT,5673,5717,0.019797699279468353,-1.11576413895241
KIT-COY,40354,40402,-0.8540633379024658,-0.6937280679942903
ADO-DUB,1400,1451,0.2036225781214176,-1.2905149753588092
HAM-ACT,33049,33111,-0.13560669323664148,-2.233933429586796
COP-WOW,11620,11685,-0.8887503521109286,2.409574555352996
ARM-NOM,5141,5184,0.8962412816622511,-2.195273925718323
NOR-KIT,50730,50790,0.8565569489165122,0.7861526936017558
IVY-SUN,36923,36974,-0.7174067278106232,-0.4988875156712438
EVE-IRE,22349,22414,0.03129703257160761,-0.1222170433795026
RUM-PIE,61516,61579,0.2754740166849316,-2.0551013061127485
NAN-ACT,47732,47805,-0.3097172462722708,-3.027372345713035
GIN-ZZZ,29614,29662,-1.1969330971004808,-0.6121212095809062
AIR-GIG,3766,3814,-0.09932142825827649,1.2910558780139219
RUM-REF,61170,61274,-1.157417849648096,2.845450491787987
NIL-WET,49142,49209,0.6953811889210993,-1.1534015385583238
LAX-NAN,42399,42476,-0.46243437081554317,-0.5934704032351902
AGE-KIT,2096,2156,-0.8383832593681529,2.9472421236412374
SPY-JOY,66264,66316,-0.6331740839801053,-2.0440075249142846
AGO-FLY,2958,3011,-1.3155759036116503,1.7257665888314488
IVY-EYE,37247,37297,-1.4816048915653628,-0.7685031879571462
HIT-ACE,34324,34376,-0.4776326737740704,2.447230236709419
NOR-ELK,50657,50729,1.3214440754575132,-0.3121533570742591
MAY-RUM,45615,45663,-0.26086335649630993,-0.7747557394936875
BED-CHI,7695,7744,0.21632568892253148,2.805172703382504
ACE-FIX,319,397,-0.14339878770379255,2.9708468102303174
ADO-PLY,2015,2095,-0.32375773385377804,2.307936971777642
ELF-GAL,19142,19190,0.45799410288273235,0.7632892998612633
BAM-ETA,6811,6889,-0.9034281367086715,-0.9953011923372832
GET-DAD,28176,28258,-1.0526951307702277,-1.570171764814531
INK-SHY,36298,36357,-0.9899426333068287,-1.8368727250033414
FAN-MOP,22822,22866,-0.6658564005719622,-2.4518404918148264
NAY-REF,48331,48382,1.1793756463908376,1.1152796587921536
RAD-BIO,58644,58692,-0.6369324626864094,-1.9081739193758578
ODD-FIX,51865,51916,0.035659625814974096,0.4741178045963488
CUP-HUG,13729,13793,1.189354068575855,-0.7023560160119408
VAN-PAW,72219,72279,-1.4957152073089146,2.497198080557198
GIG-ERA,28550,28629,-0.23373856617442224,0.7622368019636249
LIE-OLD,43641,43693,-0.8298410094771894,1.2886754971864476
TAX-ZIG,70074,70125,0.7368857607975446,2.2984527554253615
RAW-SPY,58901,58949,-0.7739481852133814,1.2566848721885757
ROB-SEX,60411,60455,-0.06953528156822193,-1.5114909170468203
YAY-SAW,78260,78312,-0.6513936703842476,-1.902570353604544
NAY-FUN,48182,48230,0.2095949128098709,1.8147419980442048
DUH-MOP,16644,16692,-0.05465738484627283,-0.4834629585579901
EGG-PIG,18302,18350,-1.3312395309807052,2.247172247832694
ELF-SPY,18990,19065,1.3275455605893183,-2.0186056158099137
EON-YES,20305,20352,0.3879879101288151,2.7829468991096804
ALL-SAD,4468,4526,0.8026961322456643,1.0850103858768614
AMP-SEX,4679,4726,-1.364853134450584,-2.1838635730463443
GUT-HEX,31406,31447,0.9205303172994878,-1.817116407500469
OLD-LIE,53504,53556,0.8298410094771894,-1.8529171564033458
ONO-USE,53932,54004,-0.39573619649940167,-2.51389361578208
TAX-SAY,69718,69784,-0.320388343462067,2.663926279573505
RIB-SOY,60097,60145,0.7498595832168895,1.4101804078362374
PAW-DOG,54852,54911,-0.078373992681259,-3.0914953625464174
NIX-LEG,49491,49550,0.1336979508305163,-2.4350955004558292
YAY-TAR,77762,77836,-1.2716449758454946,-1.5308926777255922
NOM-SPY,50364,50447,1.1342048752138312,1.3592399333593554
RAD-GAL,58599,58643,-0.9450491283593473,1.2834735647737676
RUG-SAD,60502,60549,-0.15409285296500588,1.4702970970876512
FIG-KEY,23617,23670,0.9829821060830717,-2.959223489413792
HIP-FOR,34023,34079,0.2977146293219817,-1.1474413209546361
PAW-SAY,54729,54785,-1.281067713824061,-0.3535347444642758
PIG-ZAP,56767,56835,-0.3319670184832947,0.7531807097410976
SKY-IVY,65014,65065,-0.47187065710259524,2.297647338773802
BUG-ACT,9636,9708,-0.396958941722548,-0.23602479092847506
WIG-WOW,75846,75900,-0.13432903165313065,-2.198577207553887
VOW-NAN,72492,72566,-0.4490247465676949,-2.8852657024939923
BOY-ETA,9067,9118,-0.8005740320364363,2.5054104007410682
FOG-SOY,25604,25659,0.7181025163891834,0.3871848992429578
ACT-NAN,1023,1095,0.3097172462722708,0.11422030787675849
WIZ-VOW,76372,76425,-0.38347256784280365,-1.3780795269358277
SAY-GIN,62569,62615,-0.9391832027662578,-1.5794499473241277
COY-BUG,13143,13215,-1.1476475121647032,-2.0892362343409467
MAY-HEX,45709,45765,1.3805374866821074,0.007523598692750465
FAN-NAN,23020,23070,0.6550777668458415,3.1407593537306444
EON-AHI,20652,20709,-0.6356552046899937,2.0997805716598252
ELF-BIO,18820,18867,0.6765000802945655,-1.3810570829214983
ADO-TOY,1647,1694,-0.7643741465044156,-1.9138880876343676
ICE-LAX,35993,36042,-0.3581268052855893,-2.0665011461060385
ASH-ART,5815,5874,0.9544698228196477,2.6043618929761347
ALL-PRO,4318,4365,-1.3454407163341826,0.6385673327643638
OAR-TAX,51372,51424,-1.1850820256609391,-2.575767576634066
ERA-AHI,20917,20964,-0.4118836227064574,-0.9567312232689047
LIE-EVE,44111,44167,-0.8150293061475996,-0.3713066365879301
NOR-BUG,50791,50865,-1.0029225682209832,-0.5377688274583609
WAX-AIM,73871,73924,-0.014453689455305481,2.0647795654603787
USE-WIG,71825,71882,-1.1606517068729025,1.7030418260988627
OAR-AGO,51425,51475,-0.4946724742182956,-1.1696951596838931
SIR-ONO,64805,64859,-0.7831749209174708,2.88304728678479
GIG-IRE,28401,28449,-0.9407546952469343,0.4488594283458465
ICE-BED,35718,35767,1.2941335751750627,-2.4260912537937513
RUG-DAD,60920,60994,-0.13317041129688004,-2.1750045089867767
POP-FIX,58048,58101,0.80177243446843,2.9676884035796243
OFF-FRO,52110,52160,-0.06549811431566809,-0.5267029544057946
TAU-LAM,68956,69005,-0.11910234140407228,1.569404586733748
WET-DUB,74627,74675,-0.06631773844063721,0.44303682049089027
GOO-RUG,30071,30143,0.9346528310906727,-1.4876106230294148
FIX-IVY,24092,24163,1.0519706326143492,-0.9776743944122515
OFF-TAG,52357,52426,-0.9123194155460002,-2.5076762893531814
NOR-COY,50448,50515,0.180770354207776,0.1512179439812099
OVA-SPY,54634,54684,-0.5158400267321525,-1.8322151057604874
GYM-MOM,32566,32632,0.08007700246915878,-0.5707565131539198
SAY-PAW,62794,62850,1.281067713824061,2.7880579091255173
LAB-TAU,40681,40729,0.19042430743664135,-0.769933325760989
ONO-ELK,54005,54058,-1.053389164690332,-2.06199765038191
VOW-GIN,72918,72992,0.388130126616478,2.5116292393386064
EAR-ZOO,17939,17991,-1.0123981338106354,-0.3818958110101779
TAU-FOG,68905,68955,-0.9242753812076171,-0.3867803773490694
ACT-LAM,882,928,-0.7669635851459504,3.0175539727625122
PHI-WAS,55487,55529,-0.9270828143608446,-0.03693025434534298
DUI-TUB,17001,17046,0.9493500527108816,-1.174433101600899
TUX-ETA,71348,71399,1.2730061672150257,1.3777566822560217
BOX-VAN,8912,8964,-0.7841899843701337,2.6162091118555026
HOT-PIG,34432,34482,1.0465620658385502,-3.0335982279297196
SKY-FOX,65159,65201,0.7027334420697627,-3.1299130343937738
SIR-AGE,64663,64729,-1.4336197477335368,1.7675812949737562
LUG-COW,44168,44244,-0.910404752415174,2.097360116252252
ETA-WIN,22094,22146,0.7632077064247995,3.1001379979164123
LEG-WHO,42642,42693,-0.02561290046776746,-1.192281315119202
WIZ-SAY,76481,76545,0.825625060839805,2.6851224294576466
GUN-SPY,31047,31123,0.07201476470136775,1.4799373285131516
YAY-JAR,77837,77904,-0.2833279154419484,-1.038146550289281
GUN-WHO,30829,30906,0.9709129255038706,0.7528150318153726
HAY-JAR,33231,33274,-1.1970894899588118,-0.4253329090839252
PIG-EGG,56463,56510,1.3312395309807052,-0.8944204057570992
RUG-ALL,60723,60768,-1.2537342491117662,2.746670032906323
TOY-JOB,70546,70599,-0.3185515737630178,1.7657564722835037
IRE-LAW,36704,36762,0.26712377643799995,2.270435868459367
ALA-INK,4065,4109,-0.2080754652941581,-1.0550197677925466
FIX-ODD,23987,24038,-0.035659625814974096,-2.6674748489934443
BED-AGE,7745,7813,0.9763778134711876,-2.838914589769127
IRE-ERA,36407,36455,0.5473775814834427,0.9907729334931211
REF-DRY,59538,59586,0.011115497314971618,1.4866283184710116
TAU-SOY,69505,69586,-0.10286984920478381,0.04832688171849023
MAC-IRE,45110,45167,-0.5911111268235131,1.563255427731521
WET-YES,74676,74754,-0.43312872004335984,3.0963334666053366
AGE-ELK,2631,2697,-0.14481879588955576,-2.612816692631873
SUN-IVY,66900,66951,0.7174067278106232,2.6427051379185493
JAM-EAR,37615,37665,1.1672526093942588,-1.4792174492615833
DOG-AGE,15755,15802,0.2115717982050903,-2.1528406421640285
YAY-AMP,77988,78042,-0.13677792618515386,-3.0782935201675943
FUN-PLY,26691,26747,-0.07460914373677867,-2.339167681267276
LID-HUG,43202,43280,-0.26904629415710046,2.734226324996767
KEG-TAR,39706,39755,0.8958627684791312,2.107627984396907
WIG-KIT,75901,75960,-0.03686137004557595,0.35117999307601055
BUG-ART,10395,10445,0.5648445979049784,1.4370857665153909
BRO-HIT,9485,9527,0.8001542555246768,-1.9122082715481943
WET-EON,74505,74551,-1.0167904456692745,-2.735629791195031
WHY-JAR,75480,75528,1.172506672101415,0.9477915979109836
GEL-EAR,27590,27643,-0.7068074527507178,0.278057578440025
TAR-LUG,67988,68061,-0.11840158454003281,-0.5467510212825536
SEX-EAR,63510,63585,-1.2541112042362152,0.8611831270740641
OAR-MOM,51323,51371,0.8889766450467123,-1.5461024357458615
ELK-TAT,19961,20026,1.2504629249967663,-1.2529095707611937
MOO-JAM,47117,47172,-0.919923013352763,0.007199588670847284
LAM-TRY,41184,41230,-0.5047623794059034,-0.5765419507318239
COY-ELK,13017,13090,1.1054773008893612,-2.7299239485515794
ALL-GOO,4366,4413,-0.30815826553029607,1.2983057417087975
DAY-GYM,15254,15319,1.2183674962440953,0.3827893258523754
OAR-FLY,51476,51550,-1.2654981512419665,-1.0215037696591511
BED-MAD,7503,7551,-1.0477137666803278,2.8852074272808124
COP-NEW,11731,11777,-0.045599786570598703,2.9979987006313897
BUG-YAK,9581,9635,-0.683410058041271,-2.7832338175376723
TUB-GUN,71244,71297,0.4773804260119052,0.722132505570451
BED-GIN,7619,7694,-0.7849620424491979,-0.23028948419654363
MOO-EAR,46859,46910,0.2497828492741303,-0.5744155451859566
SHY-FEW,64025,64087,0.9069165475623076,-2.1210514131407936
AIM-MOM,3450,3498,-1.3996738209413502,-2.6275245780425984
NOR-ART,50935,51000,-0.7095547689801469,0.4411511509291327
OAK-CAB,51277,51322,0.5787273043734159,-0.14062933958244217
OFF-ASK,52226,52272,-0.6616941963380442,-1.5162825065881573
POP-ACE,58150,58199,1.0329518573079408,-0.166637077232631
HAM-DUH,33112,33164,-0.8085321685465138,-1.593310037034296
RAD-ELF,58693,58746,-1.244741112290663,3.1051309053133167
ACT-BUG,765,836,0.396958941722548,2.9055678626613184
SEX-PHI,63079,63126,-1.081050579397998,-0.9024681763093434
NIL-AHI,48800,48846,-0.7855061466471751,-2.4924710611184375
PIE-RAD,55754,55801,-0.29589977719277993,-1.4535821274026106
WHO-FRO,75153,75208,-0.19787199492537047,-2.219833939351144
GYM-BOX,32031,32081,1.5056741228321497,2.6843617991341784
PLY-FUN,57434,57489,0.07460914373677867,0.8024249723225173
ASK-TAG,6241,6294,-0.6168199846941707,2.849678458145173
WOW-RUG,76713,76790,-0.42056497700866524,-1.220981996726196
TAR-PHI,67887,67936,-0.5856885926395015,-2.985953555725141
TOY-DUB,70497,70545,1.015392550075597,-0.41734565667141343
WAX-MOM,73797,73870,-0.8847493435606846,2.274905546473201
SAW-SEX,62220,62280,-0.5941703715272002,2.504347381619816
FIX-MAC,23938,23986,-1.2906862751427635,1.056662885778979
ZAP-OLD,79482,79544,-0.8511531658084478,-0.7647313558525198
SAD-WOW,62004,62053,0.8306436992783652,2.522902116987898
ONO-KIT,53860,53931,-1.4513567269102745,2.0950672760045754
FRO-RAW,26338,26386,-0.382253410936113,1.7891555017333394
LAX-MAD,41881,41928,0.6327534084908643,2.0316526403878425
COW-FAX,12711,12760,-1.3366992285490793,1.4202391321542667
ART-NOR,5557,5622,0.7095547689801469,-2.7004415026606607
ZOO-COW,80081,80133,0.8429966933471594,-0.3471937424208295
GUT-MIX,31527,31570,0.6444987338091624,2.0515381092332854
FAN-ZZZ,22971,23019,0.6021073657516202,1.8724190391929916
AMP-YAY,4727,4782,0.13677792618515386,0.06329913342219896
TOY-EON,70648,70709,0.07108891211050049,-2.317261283152492
NIL-JUG,48892,48950,-0.7197455594652771,2.073986353222488
JAR-HAY,37954,37997,1.1970894899588118,2.716259744505868
NIL-ERA,48951,49015,-0.28818313543156754,2.8807015568108643
BAM-BAH,6614,6669,-0.07925312417224227,-1.0719866099007143
KEG-COW,39607,39658,-0.6458842910729127,1.3265275898694366
RUM-MAY,61467,61515,0.26086335649630993,2.3668369140961056
LAW-TAU,41508,41568,0.20293122871145064,2.0511824238265715
HOW-BOA,35220,35267,-1.3505813229279742,1.6576350376309101
RAW-WHO,59002,59054,0.6113915212037639,-0.10862605047569555
LAW-OLD,41643,41703,-0.3291097864938001,2.765155150122712
LIE-HOT,43945,44000,-0.4274510478696481,2.431437701345083
LIE-EAR,43563,43640,0.785197797843942,-2.4348554798884776
NEW-GET,48585,48636,-0.16304688672194598,-1.7588925504525421
ADO-NIL,1695,1758,-0.5839614255426155,-2.826150801487808
GIN-WIZ,29094,29144,-0.1283981959409615,0.2834397843748335
TAU-ZAP,69233,69297,0.3848441206647829,-3.114984274206114
CAB-AMP,10644,10688,0.10143892054404802,-1.442783851133795
DAY-TAX,14852,14918,-0.41920234543028934,0.023902313318377347
DUI-DIG,17169,17214,0.19181809468005875,-0.1292956835345136
ETA-JAR,22025,22093,-0.11834573370300507,2.672338114527196
GIG-YES,28630,28705,0.24390133147602477,-0.19690043420039544
MIX-AGO,45766,45819,-1.2156008681583352,-2.888591042164178
LAM-BUG,41130,41183,1.1395041366822245,2.7627523959704594
EGG-RUG,18198,18247,0.6817881484009503,1.5318166603917136
FIX-ACE,24214,24292,0.14339878770379255,-0.17074584335947585
ERA-GIG,21161,21240,0.23373856617442224,-2.379355851626168
FIX-EYE,24293,24344,0.16312902993711212,-0.9521303229901117
VAN-BOX,72280,72331,0.7841899843701337,-0.5253835417342907
AGO-MOM,2902,2957,1.3201583953222458,2.8243340077001164
ACE-DUI,179,245,1.1678562394489862,-1.026247246517499
ODD-KEG,51962,52009,0.6986222211348858,3.0376586269587227
TUB-DIG,71143,71189,-0.7927661825531073,0.7337732032018432
ELF-NOM,19439,19506,0.005585649850524717,-1.8644367578704693
NIX-PIE,49638,49709,-1.1406962526158608,2.3565855585485758
IVY-ACE,37027,37100,-0.9268929768786305,0.5127832391247727
PHI-EAR,55700,55753,-0.7560925510494829,1.5030518822355006
ZOO-WAS,79974,80027,1.0351522341770365,-1.7201403147198955
HIP-GET,33761,33810,1.149574316619578,-1.8216332793754129
OIL-VOW,52710,52784,-0.9326036201965023,2.865094752924029
MAD-COY,45468,45519,0.5129359567064906,-2.2781032294827774
COY-BED,12944,13016,0.35808765255329567,0.4472149084750423
EYE-GAS,22525,22569,0.5307325254355607,-3.0283955313221433
SEX-TAR,63127,63195,-0.38955912067275367,-0.25899521853915913
LAW-GIG,41704,41763,0.4729820748056215,-1.453682638015804
VAN-GYM,72066,72118,-0.5927424351117371,-0.5184143195448815
ODD-GAS,52060,52109,0.6596035204511725,-0.6153888160763439
IVY-GAS,36872,36922,-0.9476510488657016,-2.887076384262181
HAY-SAW,33437,33497,-1.157943112035116,3.0268153714603474
JOB-PLY,38724,38778,0.5561595939952444,2.1558418909650823
PAY-TUX,55192,55237,-0.7229846263890854,-0.2567029958727401
SEX-ROB,63321,63365,0.06953528156822193,1.630101736542973
RUM-HOW,61650,61720,-1.0027977390642535,-2.0889632848539064
MOM-GUT,46780,46858,-0.4799250002592563,-0.5216439927596528
JUG-MOP,39496,39557,0.25146756529661135,1.7022254796965008
OVA-PIE,54430,54472,-1.055187996548427,0.9764001636217849
CIS-BAM,11539,11619,0.01663086707917573,2.7413090277246974
SUN-HIT,66848,66899,-0.1584929843446686,0.32126683965951625
CIS-BAH,11170,11220,-0.06867488887564761,-2.6966897052594265
HOW-GAL,34695,34733,0.7784840017296074,-1.2911128011276456
ARM-DUB,5097,5140,-0.7621762721113962,1.5218625250976014
GUN-FRO,31262,31310,1.4306078500576345,-0.9645941368380083
PRO-ZAP,58353,58398,-0.02761774949138502,-0.10890175337768877
DUH-HAM,16790,16842,0.8085321685465138,1.5482826165554973
EVE-LAW,22147,22190,0.3887212474405735,1.022193752325474
GET-FOR,27912,27962,-0.8222109886984859,-0.709174908392314
JAR-ETA,38401,38469,0.11834573370300507,-0.46925453906259734
TUX-PAY,71400,71445,0.7229846263890854,2.884889657717053
PIE-NIX,56217,56287,1.1406962526158608,-0.7850070950412175
JAR-SAW,38344,38400,-0.32470684556627843,2.9017351633831217
ELK-SIR,19620,19716,1.0381700664110696,0.32595029721649976
KEY-NOR,39957,40001,0.328557785431674,0.24156628154810378
WIG-ELK,75683,75740,0.6918024322479077,-0.472223378341822
WET-ELF,74431,74504,0.9991414357740466,0.51217130088711
BUG-ASH,10202,10257,-0.5098409013827343,0.566025526685915
TRY-FOG,70813,70855,-0.37139058930108226,-1.62492748876665
PHI-TAR,55436,55486,0.5856885926395015,0.15563909786465246
SAW-WHY,62511,62568,-0.7163872098667479,-0.7410403452629218
YAY-HAY,78205,78259,0.5820065731012467,-1.2744687654737201
ZZZ-HAM,80241,80301,-0.2183761657540841,-3.1038857740551715
ZAP-GOO,79274,79342,0.7054507479338253,2.330045331759737
MIX-HEX,46040,46103,0.17713445743811276,-1.4115885612935781
PIE-SPY,56142,56216,0.24333299216832766,-1.9477809075995711
WHO-OFF,75209,75292,-0.10283352406567645,-2.877573227513784
DRY-FLY,16132,16191,0.9428030147745878,1.7764428962796928
JOY-RAW,39030,39083,1.4522869626457549,0.2712518764041892
WIZ-FLY,76600,76662,0.6676100919729031,-0.3725457291206184
BUG-GOO,10258,10339,0.23008274798626452,-2.821413561140336
MOM-AIM,46233,46282,1.3996738209413502,0.514068075547195
ETA-TAG,21867,21945,0.07401683563132125,-0.14609442201145528
ODD-AIR,51917,51961,-0.9949740861223284,1.3107984919318632
JAR-TAR,37883,37953,-1.0660304087877202,2.44004195719571
GUT-RUM,31571,31641,-0.6370715035299869,-1.3980448211938525
GIG-AIR,28450,28497,0.09932142825827649,-1.8505367755758715
ETA-IVY,21695,21764,-1.172668085362309,0.15067179894467572
GAL-HOW,26955,26994,-0.7784840017296074,1.8504798524621477
WIG-USE,75961,76018,1.1606517068729025,-1.4385508274909307
TOY-WET,70399,70449,0.989391545845806,-1.9580510413663388
ELF-DUB,19507,19561,-1.5252677489890942,-1.4859988938675441
LUG-JAR,44573,44641,1.2588569428226497,2.835994605620567
HOT-JAM,34531,34579,0.4411493011720349,-1.7956357754687755
ACT-HAM,1226,1288,0.13560669323664148,0.9076592240029973
JUG-NIL,39309,39367,0.7197455594652771,-1.0676063003673053
ZIG-DAY,79613,79658,-0.28915413359911,-2.2887556574819294
NAY-JOB,48231,48274,-0.5541794855466456,-2.174241787815329
FLU-HUG,24688,24739,0.33700397748322203,-0.6630651599592238
TAG-CIS,67353,67420,0.9786745024819544,2.4093289108756646
SEX-AMP,63273,63320,1.364853134450584,0.9577290805434489
OIL-RUM,52842,52927,0.6159272993542045,-0.9485714896906355
DOG-PAW,15803,15862,0.078373992681259,0.050097291043375645
GUT-AGO,31842,31902,-0.6317698148284611,2.5451235624072255
NEW-COP,48539,48584,0.045599786570598703,-0.14359395295840352
ACE-IVY,246,318,0.9268929768786305,-2.6288094144650205
LAB-YAK,40730,40774,0.6450065437142964,2.7165388461110282
JOY-SPY,38927,38978,0.6331740839801053,1.0975851286755087
TRY-SOY,70901,70952,0.42954452559913353,-0.6112791970412033
NOM-WET,49948,50019,-0.982861926685599,2.004349077584743
LIE-ZAP,43356,43429,0.09573540391941072,1.864308943351771
FAX-GIG,23268,23320,0.33607614850522294,0.28248357064603274
GIN-ICE,29493,29545,-0.12732134945403828,2.6080622500044295
ADO-WET,1501,1574,0.18312812963622124,-1.934255365380277
FRO-OFF,26438,26488,0.06549811431566809,2.6148896991839985
SIR-BAR,64459,64508,-0.7682812781963152,1.3919506823425436
LIE-ZOO,44001,44054,0.13295982667738881,-1.8554906465335377
GUN-OFF,30907,30971,1.0581099754635832,2.7166117719133593
DAD-EAR,14173,14253,-0.7061895821353095,-0.6755518708250999
DUH-ACT,16741,16789,0.7855502345798692,-3.008683936122762
WHO-SPY,74948,75022,-0.9230098478940594,2.187123407576407
LAM-ACT,41083,41129,0.7669635851459504,-0.12403868082728088
EGG-MOO,18408,18460,-0.7945931311710568,-2.2950810365683316
TAU-LAW,69444,69504,-0.20293122871145064,-1.0904102297632217
GOO-ZAP,29904,29973,-0.7054507479338253,-0.8115473218300561
NOM-HIT,49846,49898,-0.6108326402630792,-2.2133784375086702
OIL-AGO,53071,53125,1.1159835960418,1.8560686157196262
TAU-LAB,69106,69154,-0.19042430743664135,2.3716593278288043
GOO-WOW,30477,30558,1.3102717754754432,2.4399106660263636
NAN-GIN,47535,47604,0.8031898025524494,1.423819566950532
SHY-HOW,64088,64143,0.10589772630809255,-1.8239681435975572
JAM-HOT,37566,37614,-0.4411493011720349,1.3459568781210176
DAD-FOR,14117,14172,0.8971873453358528,0.7447234862041049
DUI-SKY,16954,17000,0.282032362395299,-2.3430634714430623
BAR-AGE,7125,7171,-1.0141606949679873,-1.8983575217232054
BAH-CIS,6345,6394,0.06867488887564761,0.44490294833036653
GUN-ASK,30777,30828,0.7094636091725124,-2.4741603352723516
TAG-GUN,67626,67709,-0.0635552073696871,0.1756312331378418
DIG-JOY,15510,15559,0.6504517522822572,1.687491649951171
SAW-JAR,62393,62449,0.32470684556627843,-0.23985749020667166
HOW-PIE,34889,34956,1.402325738321698,-1.9524443944432257
CHI-COY,10921,10972,-0.6394306062654277,-1.9376960625467565
COP-TAT,11778,11853,0.9137153096283561,0.5534620626141344
CUP-BED,13654,13728,-1.4603730186942385,-2.7865607634333625
OIL-ALA,52562,52612,0.8421935059650523,0.9158890709747575
BAR-SIR,7075,7124,0.7682812781963152,-1.7496419712472495
DIG-NOM,15367,15411,-0.6289389279687202,1.423039497044138
CHI-BED,10973,11022,-0.21632568892253148,-0.33641995020728904
DAY-CUP,15053,15121,0.9935015364346634,2.864803874079689
VOW-FLY,72715,72784,0.8864232051779716,0.7403422466005849
AIM-LID,3499,3551,0.2827482637449123,-2.7400948398485414
DAY-SAY,14963,15005,-0.9970883052349364,1.4663498191564233
YES-WET,78647,78724,0.43312872004335984,-0.04525918698445659
INK-MAY,36043,36092,0.6321715566446195,-2.5758543755326544
ELK-AGE,20238,20304,0.14481879588955576,0.5287759609579202
MOM-WAX,46513,46586,0.8847493435606846,-0.8666871071165922
LIE-LAW,43281,43355,-0.4027739714884376,0.3243059689073807
HOT-LIE,34639,34694,0.4274510478696481,-0.7101549522447099
ELK-ONO,20117,20170,1.053389164690332,1.0795950032078834
FRO-WHO,26489,26544,0.19787199492537047,0.9217587142386493
WIN-PAY,76163,76215,-1.4003918928580994,-1.4971163263219756
VOW-ZZZ,72785,72836,-0.6221428811671782,2.5022423348915948
WHO-NIX,75293,75379,-0.06995820063701932,1.3051276753404433
NIX-OVA,49437,49490,-0.7174120358281884,3.018933532240841
SOY-PLY,65908,65989,0.4389196606601688,-0.06524957338022762
LAW-ERA,41764,41832,0.19060111784488312,-0.09510228957651712
WIZ-GIN,76321,76371,0.1283981959409615,-2.8581528692149596
ART-FIG,5230,5294,-0.3560664287423265,-2.681655245826954
DUI-NOM,17348,17411,-0.3646893458353185,0.6592435587304946
NIL-PLY,49280,49350,0.12596044476018925,1.587043837189559
LUG-TUX,44692,44743,0.4945702538409372,-0.9877584846769264
YAY-CAB,78043,78117,-0.16314723066597037,2.4736795616712173
MOM-TAX,46333,46418,-1.2772270435863584,2.3149173495929047
FOX-ETA,26185,26234,0.5863137115084961,2.3789641179704466
LEG-OVA,42537,42587,-0.812605431753273,1.5378801253184207
BOY-FOX,8965,9015,-1.4712268135979438,-1.5553617348480244
GAL-FEW,27138,27189,0.3803351159072125,1.938413865992065
FUN-NAY,26593,26641,-0.2095949128098709,-1.3268506555455886
BUG-NOR,9969,10043,1.0029225682209832,2.6038238261314324
ELF-RAD,19241,19294,1.244741112290663,-0.036461748276476684
IRE-MAC,36645,36703,0.5911111268235131,-1.5783372258582724
HOW-SHY,35163,35219,-0.10589772630809255,1.3176245099922361
NIL-ADO,49016,49078,0.5839614255426155,0.31544185210198555
BAH-BOY,6395,6446,-0.5743640798034494,-0.5685173557904286
DUH-SOY,16693,16740,0.029321187966788866,-1.5511529553946855
WIG-NOR,75741,75787,-1.1717446840245385,-0.6364268297119784
OFF-WHO,52273,52356,0.10283352406567645,0.2640194260760091
SIR-FLU,64509,64564,0.09612075161653093,0.8033755835341326
BOA-REF,8395,8445,0.34111261500734436,2.1266205286541364
MOP-JUG,47369,47430,-0.25146756529661135,-1.4393671738932923
BIO-ELF,8088,8135,-0.6765000802945655,1.760535570668295
WIG-KEY,75788,75845,-1.1476285775626418,-2.2848528258823766
PRO-PIG,58503,58551,0.40662717226404177,-1.6893703094343386
GYM-EGO,31981,32030,0.9409639967868432,-0.07360071798063583
VOW-DRY,72439,72491,0.027409160029596348,-0.19229099213038608
ERA-JUG,20821,20869,-0.5681437713011657,0.7604397389248103
PIG-MOO,56288,56336,0.397355376019344,-1.9694996443138382
GYM-CUP,32350,32427,-0.15697247542803477,3.123639299381168
ACE-SUN,466,515,0.6095547750933854,-1.748980730909105
TAX-WIZ,69852,69905,-1.4067607447794386,2.5783191534446206
MIX-MOM,45864,45910,0.1540456853133756,-3.1332637581979204
HIT-NOM,34271,34323,0.6108326402630792,0.9282142160811232
AGO-OAR,2792,2841,0.4946724742182956,1.9718974939059
MOM-EGO,46419,46465,0.8397643210486518,2.1206769446808607
POP-EON,57986,58047,-0.2313973665699977,0.6432334992232152
PAY-LUG,55140,55191,-1.062029068501862,1.3125544925652268
NOR-KEY,50612,50656,-0.328557785431674,-2.9000263720416894
SPY-RAD,66663,66711,-0.7000344967588986,0.574933235974731
GUT-MOM,31903,31980,0.4799250002592563,2.6199486608301403
ZZZ-FAN,80509,80557,-0.6021073657516202,-1.2691736143968015
SPY-RAW,66065,66113,0.7739481852133814,-1.8849077814012174
ALA-MIX,4256,4317,1.4512021638581223,2.6950444316335465
SHY-REF,63848,63902,-0.7721509549910054,3.137128904309031
GET-HIP,27862,27911,-1.149574316619578,1.3199593742143803
GET-NEW,28124,28175,0.16304688672194598,1.382700103137251
SAY-WIZ,62913,62977,-0.825625060839805,-0.4564702241321465
LID-EGO,42917,42969,-0.6981210019428297,1.2564120151314266
IRE-GIG,36358,36406,0.9407546952469343,-2.6927332252439466
ELK-USE,19864,19911,0.6860879528075458,-2.90473789622423
MIX-AIM,45977,46039,1.158315294786319,2.9745969281131166
FUN-VOW,26799,26851,0.9125591736958703,2.072514432981455
ADO-BOA,1452,1500,0.2516527908637287,0.6801227586099072
ONO-TAT,54120,54176,0.4064990521824381,-1.6991568355919424
TAR-SEX,68307,68375,0.38955912067275367,2.8825974350506343
FIX-GIG,24478,24547,-0.7395162442979978,1.9231238044466585
FAN-VOW,22769,22821,1.1552046801248037,0.6406173159838915
EVE-OLD,22235,22297,-0.01587435706408157,2.033116320097388
OLD-LAW,53689,53749,0.3291097864938001,-0.3764375034670813
KEG-WHY,39558,39606,1.3349113071256058,-1.616798444020124
NEW-WOW,48490,48538,-1.1340550407964047,1.3594559931531718
ACE-WET,1,71,-0.23982715862602008,0.8695553853960787
GAS-ODD,27337,27386,-0.6596035204511725,2.5262038375134495
TAX-FLY,70269,70317,-0.7010130138970375,-0.3138109699509363
EAR-JAM,17672,17722,-1.1672526093942588,1.6623752043282098
WAS-EAR,73614,73666,-0.0746190781395516,2.082597306978192
ALA-OIL,4014,4064,-0.8421935059650523,-2.225703582615036
GIG-EVE,28498,28549,-0.917715254623767,2.5016022333579517
YAY-SEX,77905,77987,-0.8804611338180689,-2.8989281158274314
FOX-BOY,26040,26090,1.4712268135979438,1.586230918741769
SUN-DUI,67093,67140,1.0058661354677387,0.5558989704302366
LAX-ICE,42282,42331,0.3581268052855893,1.0750915074837548
JAM-PIG,37719,37770,0.56025620065711,1.9925717260459128
HEX-MIX,33698,33760,-0.17713445743811276,1.730004092296215
ERA-LAW,21326,21394,-0.19060111784488312,3.0464903640132763
OIL-TAX,52990,53070,0.3299922425998821,2.2540417437338145
EGO-GYM,18512,18561,-0.9409639967868432,3.0679919356091574
GOO-FIG,29804,29854,-0.16831075692947434,1.0707372238106283
HOT-PRO,34377,34431,0.5552089664323008,2.0704819716831504
AIR-FAX,3910,3960,-0.4293808609540631,2.31349902349215
MOO-PIG,46911,46958,-0.397355376019344,1.1720930092759552
AMP-SAW,4783,4841,-0.500506721926396,-0.889919081292903
GIG-LIE,28706,28789,-0.025428025276338244,2.6471044621478153
GAL-ELF,27089,27137,-0.45799410288273235,-2.37830335372853
BAR-CUP,7023,7074,-0.29250271550045454,-0.2676436981251917
WAS-COW,73421,73472,-0.29842192399821016,0.46273064274281106
SKY-TAG,65256,65304,1.2579067589800241,1.3444708301949542
BAH-ETA,6295,6344,-1.4971501180936786,-0.016494854270811366
DAD-ROB,14406,14453,0.8805232893065836,-0.5749290421719623
PLY-JOB,57378,57433,-0.5561595939952444,-0.9857507626247108
CAB-GET,10735,10803,-0.08752404788362186,2.078747520984199
BUG-FIG,10340,10394,0.16947803285419896,2.7014611492529426
SIP-MAY,64144,64188,-0.9769091233298846,0.9907529421912061
OIL-GUT,53126,53206,1.2533071011103212,0.045225078883114236
LAB-BUG,40775,40829,1.109340248286679,1.320536455155104
SUN-EYE,66998,67043,-0.7591505267736571,2.689610344996609
VAN-CUP,72017,72065,-0.8361941107288807,-2.543768211443237
KIT-ELK,40457,40505,0.778076132440455,-1.8127140432690498
ALA-FLY,4149,4204,-0.9149207740223554,2.7130243713359588
TAX-OAR,69587,69639,1.1850820256609391,0.5658250769557271
VOW-FAN,72332,72384,-1.1552046801248037,-2.500975337605902
BUG-LAB,9709,9763,-1.109340248286679,-1.8210561984346894
TAX-DAY,69785,69851,0.41920234543028934,-3.117690340271416
CIS-OFF,11457,11538,-0.04505136774297342,-0.012831719103689323
ROB-DAD,60304,60351,-0.8805232893065836,2.5666636114178307
LAB-OLD,40877,40943,-0.3130264883092,-1.3994261549536062
VAN-HUG,72119,72165,0.707716156853915,-1.7474787512168075
PRO-HOT,58250,58305,-0.5552089664323008,-1.0711106819066432
VOW-OIL,72641,72714,0.9326036201965023,-0.2764979006657643
PLY-NAY,57162,57218,-0.12720723395024933,-0.1776271685455272
SIR-CUP,64730,64804,-0.7445419514022193,0.5250155339001766
RAD-SPY,58802,58850,0.7000344967588986,-2.566659417615062
PLY-NAN,57219,57293,0.3125905399044699,2.223040461521016
FOX-SKY,26091,26132,-0.7027334420697627,0.011679619196019517
DUI-ACE,16843,16908,-1.1678562394489862,2.115345407072294
ODD-COW,51810,51864,-0.0635227040422989,2.0597184406193874
PIE-ELF,55850,55926,-1.0179710694268589,-1.9128050391005267
LAM-ASH,41038,41082,0.7005445768471056,1.174659660009255
SUN-ACE,67044,67092,-0.6095547750933854,1.3926119226806881
VOW-WIZ,72385,72438,0.38347256784280365,1.7635131266539654
PIG-ALL,56641,56689,0.8125401206812913,1.7183271009250864
CHI-KIT,11117,11169,0.1547150033624247,-2.7257113512155517
NAN-MOP,47877,47927,-1.1564889314135385,-1.093854711300709
TAG-TUB,67302,67352,-0.6079236909654878,-0.4501074479658012
LUG-WHY,44813,44862,0.5683560154721814,-2.8615702311912488
FRO-ASK,26387,26437,-0.609685993845271,-2.6939425036374707
SAY-BED,62684,62749,0.1726280641874547,-2.7808644927766357
MAY-GUT,45569,45614,0.7466465068401523,0.939285705642688
WIZ-TAX,76426,76480,1.4067607447794386,-0.5632735001451726
TAX-GYM,70185,70268,1.2759817853386293,2.8381303223821086
ZAP-LAB,79152,79198,-0.6610766154694239,0.9901763759870076
BOA-WAR,8495,8544,0.5420780877337681,-1.5188013181791495
IVY-FIX,37101,37172,-1.0519706326143492,2.163918259177542
ZZZ-NAN,80408,80459,0.007956331707663581,-2.139051284491725
OAK-DAD,51223,51276,-1.5032564155910486,0.4723235301177884
DAD-GEL,14063,14116,-0.35274465985804876,-1.3750283552579785
INK-ALA,36254,36297,0.2080754652941581,2.086572885797247
WAS-ZOO,73473,73526,-1.0351522341770365,1.4214523388698976
DUH-NAN,16592,16643,1.1193462786942368,0.08955267874298935
DAD-GET,14662,14744,1.0526951307702277,1.5714208887752623
JOB-NAY,38521,38564,0.5541794855466456,0.9673508657744646
HIP-SAD,33811,33868,-0.5481429590306842,0.66284204709705
NAY-PLY,48275,48330,0.12720723395024933,2.963965485044266
SHY-DRY,63777,63847,-0.5674112281187276,2.2094348990607804
CUP-VAN,13387,13435,0.8361941107288807,0.597824442146556
ADO-REF,1575,1646,0.38957694576113694,1.4379654421860208
NOM-ELF,50231,50298,-0.005585649850524717,1.2771558957193239
MOP-DUH,47225,47273,0.05465738484627283,2.658129695031803
VOW-TAX,72837,72917,1.1183730924021535,1.5710007941622801
AHI-YES,3174,3223,1.0402875304922048,-2.035083288896092
TUX-GAS,71446,71494,-1.3049344207296356,1.286302951459538
GAL-PIE,26906,26954,1.209739749642486,2.290832656227721
MOP-FAN,47274,47317,0.6658564005719622,0.6897521617749667
COW-ZOO,12658,12710,-0.8429966933471594,2.7943989111689636
PLY-REF,57627,57706,0.721240395457675,0.22306655241161744
MOM-OAR,46283,46332,-0.8889766450467123,1.5954902178439316
SKY-SUN,65066,65112,-1.3070862889349486,1.2598668117803427
RUM-FEW,61275,61320,-0.4769094473767501,-2.5108128907959206
DAD-EGG,14611,14661,-0.5466275988369579,0.3815625069144608
GIN-NAN,29193,29261,-0.8031898025524494,-1.717773086639261
ACT-DUH,973,1022,-0.7855502345798692,0.13290871746703142
ICE-SAY,35931,35992,0.8843654907465514,0.21613335738775202
SOY-JUG,65457,65520,-0.3337678107327674,-0.6226516826533396
COY-CHI,13091,13142,0.6394306062654277,1.2038965910430368
WET-ADO,74552,74626,-0.18312812963622124,1.2073372882095164
USE-ONO,71883,71955,0.39573619649940167,0.6276990378077135
FAX-AIR,23217,23267,0.4293808609540631,-0.8280936300976431
GIN-BED,29417,29492,0.7849620424491979,2.9113031693932494
CUP-GYM,13936,14013,0.15697247542803477,-0.017953354208625073
ERA-IRE,20771,20820,-0.5473775814834427,-2.1508197200966723
HIP-NEW,33968,34022,1.1882085072677138,1.4434654403152467
BAR-DOG,7220,7267,-1.2681006422931478,0.5585060556784209
ZZZ-GIN,80460,80508,1.1969330971004808,2.529471444008887
SAW-HAY,62450,62510,1.157943112035116,-0.114777282129446
EAR-SEX,17992,18067,1.2541112042362152,-2.2804095265157294
PHI-SAW,55631,55699,1.281960686116745,-0.35163873094437303
REF-RUM,59217,59321,1.157417849648096,-0.29614216180180625
JOY-DIG,38979,39029,-0.6504517522822572,-1.4541010036386224
RUM-INK,61116,61169,-0.31829767453006386,1.5357940901389628
WET-ARM,74261,74313,0.6519391419320832,-0.43456063408786855
ARM-WET,5043,5096,-0.6519391419320832,2.707032019501925
PIG-DAD,56690,56766,1.1377466378888574,-2.3946884962026744
MOM-AGO,46587,46642,-1.3201583953222458,-0.3172586458896768
EAR-COW,17858,17938,-0.14140466537491508,-0.36331063987781825
ROB-GEL,60352,60410,-1.0043077523109938,-2.0549396414068735
TAT-ONO,68779,68835,-0.4064990521824381,1.4424358179978507
AHI-JUG,3329,3392,-0.11251549688468528,1.4970375901818016
IRE-EVE,36579,36644,-0.03129703257160761,3.0193756102102904
FOX-TUX,26235,26284,-0.7785515104682965,2.854607485523821
NEW-HIP,48637,48692,-1.1882085072677138,-1.6981272132745464
PLY-ERA,57294,57377,-0.3175439176642849,-2.3129556207809796
FLY-VOW,24991,25059,-0.8864232051779716,-2.401250406989208
TAU-BUG,69155,69232,0.672288928648285,1.9593647351720456
AGE-BAR,2394,2440,1.0141606949679873,1.2432351318665877
BED-LAX,7956,8022,-1.1973326520108305,-1.866590051725109
OIL-INK,52785,52841,0.6515572573897686,-0.1424754800825884
SKY-DUI,65113,65158,-0.282032362395299,0.7985291821467309
SAY-ICE,62851,62912,-0.8843654907465514,-2.925459296202041
GYM-TAX,32135,32217,-1.2759817853386293,-0.3034623312076845
OVA-LEG,54528,54579,0.812605431753273,-1.6037125282713727
ARM-BRO,4936,4988,-0.5527306935181309,-2.428157906944123
RAD-OVA,58747,58801,1.074350243124144,2.23358200406301
OLD-FOG,53557,53621,-0.25334314502444993,0.3683790775812679
SAW-YAY,62340,62392,0.6513936703842476,1.2390222999852492
USE-NEW,71956,72016,-0.3351047605457413,-2.3773236592741003
RIB-LAW,59891,59941,0.6877250619873931,-2.7421908481275112
NOM-BRO,50020,50072,-1.333770118814052,-2.892041387388868
SOY-DUH,65357,65404,-0.029321187966788866,1.5904396981951079
RIB-JUG,60034,60096,0.331724090930865,0.13500770072062188
ERA-RIB,20870,20916,-0.9626142971761469,2.3843892306900263
MOO-DAD,47064,47116,1.2941886660298123,2.216842780493486
GET-WOW,28039,28123,-0.5424766922795087,1.3749687119738379
SIR-ELK,64565,64662,-1.0381700664110696,-2.8156423563732935
ACT-SOY,1161,1225,-0.544643479927622,-0.8741265638712414
SHY-RUM,63717,63776,1.3539363299351748,-1.0484795621346317
LAX-COY,42057,42125,0.861615932380421,3.0897579518626213
FEW-RUM,23455,23500,0.4769094473767501,0.6307797627938728
ASK-FRO,5996,6046,0.609685993845271,0.4476501499523228
WAR-BOA,73220,73270,-0.5420780877337681,1.6227913354106438
ART-MAD,5428,5485,0.5499179765211591,0.4762384931211474
LIE-JAM,44055,44110,-0.010245014419828261,-2.872336370756335
BOY-ORC,9218,9267,0.6083074001889991,0.21110332680449367
WOW-GET,77133,77217,0.5424766922795087,-1.7666239416159555
VOW-PLY,73046,73128,-0.6221253168491018,-1.827175552772768
GUN-DUI,30702,30776,-0.9654096744582311,-3.10575629341724
WAR-ELF,73316,73366,0.899640492426371,-2.2740902609063336
JOB-TOY,38670,38723,0.3185515737630178,-1.3758361813062896
ORC-TAG,54280,54326,-1.4915129906466682,2.0442497341059633
DIG-TUB,15560,15607,0.7927661825531073,-2.40781945038795
NIL-YES,49210,49279,0.2620590876452769,-2.279434700163812
GOO-SAD,30345,30392,1.4147289354280577,-0.38533245201782107
DUI-SUN,17122,17168,-1.0058661354677387,-2.5856936831595565
EYE-SUN,22570,22615,0.7591505267736571,-0.45198230859318395
GIG-FIX,28911,28980,0.7395162442979978,-1.2184688491431348
JAR-WIN,37998,38043,0.9602258225402597,-1.0127790312595968
OAK-ROB,51177,51222,-0.701256329903176,-0.45945400796363334
GET-RUG,27963,28038,-1.0961400150293361,0.18286227996591042
BOX-EGO,8867,8911,-0.5670659888745511,-0.11886182874748154
FOR-EGG,25870,25927,-1.3737176415858074,-0.8247777971651271
ETA-CIS,21626,21694,1.0501479699931802,0.4997073708042716
REF-NAY,59587,59637,-1.1793756463908376,-2.0263129947976397
ACE-POP,516,565,-1.0329518573079408,2.9749555763571625
HAY-WIN,33275,33327,-0.1363164838757122,-0.7841803605597496
FLY-OIL,24943,24990,0.13260718383348344,-1.333787637769274
JAM-ZOO,37666,37718,0.15089925840538965,-0.8561017134236428
KEY-GOO,40109,40158,-0.8429751399275628,-1.3048620696984583
ASK-OFF,6195,6240,0.6616941963380442,1.6253101470016358
AIM-EGO,3552,3596,-0.5759303867580423,2.4192703505616833
PIE-GAL,55802,55849,-1.209739749642486,-0.8507599973620722
ZAP-BUG,79408,79481,0.4170731411434217,1.1339068600947775
FOR-RUG,25825,25869,-0.8551889211820546,1.220285057218203
NOM-GUN,50155,50230,1.2177131683404112,-1.499076833073772
TAU-TRY,69006,69058,-0.5625996452059031,0.7228197528570152
SAY-ZIG,62978,63029,1.152869965366131,0.14338107505650852
GUT-OIL,31711,31791,-1.2533071011103212,-3.096367574706679
TAG-ETA,67547,67625,-0.07401683563132125,2.995498231578338
JAM-MOO,37827,37882,0.919923013352763,-3.134393064918946
AGE-ONO,2576,2630,0.9225024944226438,-3.095938067026417
AGO-GUT,3067,3126,0.6317698148284611,-0.5964690911825676
WIN-JAR,76019,76064,-0.9602258225402597,2.1288136223301963
LID-AIM,42810,42861,-0.2827482637449123,0.4014978137412517
REF-BOA,59165,59216,-0.34111261500734436,-1.0149721249356567
COW-GIG,12520,12589,-0.7234620318551758,0.5407020704899483
ZAP-TAU,79343,79407,-0.3848441206647829,0.02660837938367923
VAN-FLU,72166,72218,0.389188093165628,-2.884957943980302
BUG-LAM,9841,9894,-1.1395041366822245,-0.37884025761933376
LIE-COW,43486,43562,0.6362693589811066,-1.2577166850092054
BUG-LAX,10044,10128,0.363989101527821,0.4267778873294709
HOT-ZAP,34483,34530,0.6116732672572304,1.1860624038493541
GOO-PRO,29855,29903,-0.9089580411238468,-1.6034990930622472
GEL-MOO,27757,27807,-0.9128333321976568,1.539224146233668
FOR-GET,25774,25824,0.8222109886984859,2.4324177451974793
EYE-POP,22719,22768,-0.9444526364360534,1.2939044253540026
PIE-OVA,55927,55968,1.055187996548427,-2.165192489968008
ZIG-TAX,79659,79710,-0.7368857607975446,-0.8431398981644317
GAL-WAR,26995,27043,-1.452740252667136,-2.873866278492772
EVE-GIG,22298,22348,0.917715254623767,-0.6399904202318416
PRO-ALL,58306,58352,1.3454407163341826,-2.5030253208254294
SPY-LEG,66458,66511,1.3970533355765424,0.46187509592663695
REF-FUN,59693,59744,-0.9778966595890736,2.310902400233376
DAD-PIG,14329,14405,-1.1377466378888574,0.7469041573871188
GOO-NOR,30226,30295,0.8066573648592107,1.0317575409099908
KEY-FIG,39902,39956,-0.9829821060830717,0.18236916417600155
CUP-BAR,13487,13537,0.29250271550045454,2.8739489554646016
FIX-AIR,24425,24477,-0.9513473943050865,2.9044659790026386
MAD-LAX,45219,45266,-0.6327534084908643,-1.1099400132019508
DUB-ARM,16298,16342,0.7621762721113962,-1.6197301284921917
YES-ERA,78530,78598,-0.4827046028877786,1.7469785206134711
FLU-SIR,24740,24795,-0.09612075161653093,-2.3382170700556606
GOO-ALL,29974,30020,0.30815826553029607,-1.8432869118809956
DOG-CUP,15608,15657,0.9179788234515026,-0.6669781916813093
RAW-LEG,59110,59164,0.5652173665900685,1.0772497429116261
WIN-ETA,76216,76268,-0.7632077064247995,-0.041454655673380726
EYE-ACE,22472,22524,0.03661497810049278,0.6336655287966979
MOM-GYM,46643,46709,-0.08007700246915878,2.5708361404358735
COY-AGE,13216,13285,1.3399368949446095,0.7556066105471932
HAM-GIN,33165,33230,1.076019016188207,0.41196008729506256
